feature	X1f9695def389854178788b2e4a8792ee	Xd3f1d99ffce8ccadfd2ee75f7b86b0c5	X79a123f051e7c2965a46226b1d95246e	X84311c29ab5cf09c0720c450dc7c1a43	Xd926c5000a193dc8473f190e75b9fcd0	Xd039ffee9e93545befc0b24c6b1adb8a	X630532cabb74720c1204579e6fe741b4	Xd4dcc0bc5f5a6e517ddf472187dbc2e7	Xfc4575c432e5f43c1eaf202f1c5816c4	Xcbd66fa79a3e7fa1c33d29ed908de048	Xa81bf36dba92ea8defbda21f3633f8fe	X860a5e9ee39ccb39131b57de03fb5bf8	X9c19eb9efc671777c92ee43ca21be172	Xfc2bf17d11280ea7e498670124f07400	X1a9b1bbd7d800a46e40664e26298b33b	Xcb645d9e303b0e2d761969abb610d210	X2487d88c9966a6b0e2b87711d51811a8	X4c089330a0f8ccdd7dd92492808e9247	X9f05e4992392a05c38e1c790e07f3e5c	Xa49ea569715664c78018691088f7aaac	X855166a7ea9905b7590e5e5fb7da7866	X5b73138c8555560a7cd45cb7bd7ca6da	X7888dc681f2841bbc77d1f456dbda3d9	X960b9cea75175246a62496526868a249	X74fafaec802530941890c1f49dfbf3e4	X9228756628ca33af7e8809e0968c79f8	X6f0b4058c92e83c77533a218739a0e38	Xc43bbd203d077ba15c26090580d64d32	X40f29bc827ddfc03d7fb5b76fb311557	Xc44642d31840ae8b6896c0bc0f5a8802	X18f3b811ae49dad2e01b20f5f39d10a7	Xa3d1f4355f204d4d49ad2bea3b801265	X93f6e99ff381954b541d29cc24c2be7c	Xa0ac269acfcd16c66700762ee6340b07	X68ee03666c1dd76a9a1ca298d04bc99e	X8ac938c2111c4dea67b9a99a3f7900bc	X8c3c2cadc6f0966f44b3f2371d81abd3	Xc00514d54b15725f03c323c54796a7c0	X9d7e2f75c0754a3aaf6bf21a479a0046	X1941bdf9450a85f4069a80e526137af7	Xce7e172e3d64bc42dddb2f4aa26e3a03	Xfbbeae3dceada6928b2cdc472f5d9901	X1131f697b19dc061094f3b846b9f66a0	X94adac1e5690b5aef26d6014e471f458	Xc2f27e09022e99cda9f6629948f66252	X2a7ee151e83dbc4a4ac13f84a434c8c7	X3d846e34d0ebbaa6096f5b1e5e8afa03	X194d511e554b455dac7747ef6442339f	X19563b70bb3469c665c888e4685e7f99	X0bc4e35da130d9cb9fc1090c80011153	X988ee95161bcfd6129fddab0fda16d68	X970d6f0c54e1e999cbdcdefc80299e2b	X86b5603a79c587d59312beef52df3409	X9d2a55480c1cd54eacfb0243d4562261	Xf3e1ff3be3a6f13f24666ea97d99cd0b	X9c804f3d76b861e98e017e380f2f04df	X7bf7ea59cac793e65c0bc293eabf44dc	X5fe7ab4157717cdcf56706e5c043b959	X85c51ab58e3beec0355a935d17f0758e	X47837e1a0b06f78d52ce1faf831fec84	X76214bb13d1e7d69ca2f7827e3ac12e2	Xa0f9d2150e3f8419a6ade2e296eafb5f	Xa55f549b9a40506a070a2fb7e8ca0726	X3d514b698192fb4c2a0445c3498b2cfb	X1daf7490935642942f91e007dfefa7e9	X1e10ca4ce57e3019886b4f75360a76fa	Xe52994cd67774b8f72113d04a0b2c493	X77be5efca77e4204775e4e828a1580db	X00dcba6e262a3194c68f52e6af48a071	Xec65ab01e974afdd946f7c025b3ceba5	X7d0ccb9242c92ba67eae0552bf7c6f94	X970c4c927d69ee41accb2c1a29f9a023	Xe8d0f444dc3a43708bc843fd8472b381	X0b3590ab4de6582222af6f3565ceca0c	X269fea3886e14ab0acb08ade901906fd	X278651ccb0f0d07cd2ab0837262dfc39	X84b17f815f1e8767da103f96068901ec	X1300fb2208dcbb54d400995de3bc2eaa	X7ba07d9f4e22c332b04d5646fe2ea051	Xecb427bf4473bf2f3205b06132125d07	Xc5a684b3dfddaa1e68d4563ea771ed15	Xf9fecdd58f0cedd3463e687ffd85ef48	X5c7f516ff4d244a8f63e883a44267f20	Xa965d63a2b3f783b281a48f774847f29	X80a9a51ced500bf3bfbca440e0971948	X0029d1a452fe37b0ff76a9c1da5ccf21	X059d6e79cba765d062053442b8ada21c	X1d25e5714547bb8a8f93b8364d36889e	Xc71265e180d7e06bd350017b893ea44a	X264be41ad2f4137d7cd5fefe393e1b92	X61d6589645d112c45ea0478e6445fa34	X6e373fe39ea68760cf9b2bf171476a55	X182071d231a63cae957730240a214721	Xde021ed367003d69832c2a5461985f38	Xc6b61011752152bbbc32003f5d0c5398	X6ca83bb8d84d22ff21607c96e42f4295	Xdc04cb67b3295173275e20a8a7a3d16a	Xdd887bed9045e6e59c223bf9074e8f71	X7a6db5f059c69a310d7c97e1b488fe74	X96c7cedbae877361d087a8b39206d408	X86486b103104c344caa9a990b454797c	X0b2e7a7da00f71987193e385a9a4a4d1	X57188cc28844564b611d3dd0d6e30de7	X76aa915543cd876d620ebeafeb9fd767	X570cad8230542ad8f2c032a719120bee	Xc6faae06a70c97500e4f329b617e70b7	X9f185911874fb5d5b2623b647359f33b	X4661cd41d2df6a4bf70276894e6cc779	Xe0565865ef72ba498c2938b247ff36dc	X94a45fbb634a4ae23f34d8160d95c8b7	Xf3270b7f9b020567e59ec30f7d15fc14	X9f79ff73dcbc3e304545d60cdbbca33b	X6be7c1afdd690efab2c28453f0d304da	Xa75f6c6ef715f88994d61a440132c65b	X959a41695798ad7798d39740d7e9ae19	X4c8288bfbd76958c0c094d87b97650f8	X4a21bd45b5ff48f40bbcadf6930fc3ee	Xf857e38c09d5f11ed7357057fffcc3a0	X327e928d80b137060bd55c0515d64b2a	Xede2e1cdf233330f3e67603862d90fd5	X2132a94c12039eca49c517950714e48a	X5d1a7a11e80c627fbc98743087f309f0	X64d94620fe0f5db1cd211f24f6a6d659	Xf247c06edb93b0f02277e395b87328aa	Xa9625534f57e5ed4661782588cc20467	Xff241ad98176a2c70cdb70878176ca2e	Xac4a57c0c6ca41f976c5c914e25ed371	X76d6be90e19a660c9a84b35fa31d801c	X1703aefcb845a13faff8f80ea8265820
F1195	0	0	12	3	0	0	0	62	12	33	0	0	0	0	0	0	0	0	0	0	0	0	33	0	32	0	64	0	0	21	0	0	0	0	152	0	0	33	26	56	0	0	0	0	2	0	154	0	0	38	0	9	23	0	0	15	0	28	14	21	44	0	9560	15	0	0	0	0	25	4	4	0	4	0	0	0	10	59	0	0	109	0	0	0	0	0	8	4	0	0	0	14	0	8	93	0	0	0	0	1211	6	9	0	64	0	88	0	0	0	15	0	0	31	19	37	0	169	0	3	0	0	108	0	17	0	0	0	222	0
F1256	0	63	78	0	12	9	0	914	8	0	0	43	7	3	28	0	9	77	12	256	19	8	710	16	0	12	251	18	18	30	68	0	0	16	0	0	17	12	8	418	86	526	3	0	7	0	198	6	7	1179	24	156	74	0	29	0	28	30	89	70	158	197	0	39	61	4	6	5	123	58	8	0	101	8	0	458	42	75	0	0	245	0	0	76	0	0	359	109	31	0	4	554	0	16	0	0	4	13	96	282	0	0	143	264	0	0	0	0	0	0	0	25	200	996	24	79	207	17	8	0	0	39	0	90	3	33	8	1767	27
F1257	5	0	86	233	0	0	0	35	0	280	0	0	0	0	0	0	21	6	0	0	0	0	19	17	0	0	18	9	0	45	19	0	16	0	0	7	18	0	19	114	39	89	0	6	0	0	290	0	0	216	0	0	29	0	97	0	1011	38	0	0	0	702	1094	10	17	4	4	50	0	14	0	0	181	0	0	10	0	0	0	0	44	0	0	0	0	0	0	129	21	0	0	0	0	12	0	2	0	0	9	200	12	6	0	590	0	175	0	0	0	0	0	4	0	55	0	59	224	0	0	0	0	65	7	0	0	0	0	1040	0
F1262	0	24	78	0	0	18	0	130	0	0	0	0	3	10	19	0	0	25	14	61	24	5	476	247	0	0	255	9	32	163	0	0	0	4	0	11	27	38	65	452	0	601	7	0	0	0	250	5	38	863	0	0	45	0	52	31	0	209	10	69	144	0	13	0	0	0	14	0	68	0	8	0	0	0	0	36	71	118	0	0	366	0	18	5	0	0	312	0	81	0	0	0	0	124	50	0	0	0	0	970	115	9	0	0	0	0	0	0	12	22	0	0	552	274	0	106	155	0	0	5	0	100	8	42	0	34	0	5549	0
F1282	0	10	102	0	0	37	0	0	17	0	0	0	0	4	3	0	0	4	27	0	7	0	105	0	0	0	485	2	83	65	108	0	0	0	0	12	0	0	56	113	0	135	0	0	0	0	0	0	47	341	0	0	87	0	45	76	0	0	0	95	188	176	0	22	68	4	0	50	11	0	16	0	27	0	0	0	0	345	0	0	0	0	0	0	2	23	0	631	0	0	0	0	0	16	0	0	0	0	0	3060	58	38	0	925	0	0	0	0	0	114	0	0	0	10	0	107	350	7	0	4	0	78	59	28	6	41	23	6286	0
F1290	0	13	187	0	12	22	0	0	0	0	0	0	12	0	0	2	0	72	41	0	9	0	39	0	0	0	575	0	74	218	50	0	0	9	0	0	11	0	791	90	0	444	8	0	0	0	562	9	97	2572	0	0	118	0	23	67	0	17	5	87	286	30	9	24	33	0	3	3	59	0	10	0	0	0	0	0	43	496	0	0	0	0	3	0	16	0	0	777	0	0	0	0	0	44	0	0	0	0	36	579	69	36	0	207	29	0	0	0	0	125	0	0	202	112	0	5	976	0	0	0	0	667	0	40	11	119	265	3710	0
F1320	0	42	84	31	0	0	0	93	7	0	0	0	76	0	8	0	0	4	0	0	5	0	109	147	0	0	231	230	32	94	21	0	0	0	0	2	0	0	10	1062	158	3354	15	43	0	0	263	0	0	118	0	0	52	0	22	0	428	92	0	44	27	684	35	10	50	0	17	0	39	0	0	238	325	0	0	16	0	182	0	0	60	0	0	0	0	0	0	0	0	0	7	37	0	21	0	0	0	11	344	84	58	25	0	524	0	11	0	0	14	69	0	0	9	10	17	0	138	26	5	9	0	19	14	0	0	0	0	699	0
F1385	0	73	90	0	0	0	4	70	0	0	0	0	0	7	0	0	0	3	3	54	42	0	169	0	0	0	110	17	34	36	26	0	0	0	0	0	33	0	12	24	62	369	0	0	0	0	444	0	36	274	0	7	10	0	53	0	0	45	36	24	6	101	14	39	12	0	0	34	14	0	0	0	845	0	0	20	15	126	7	0	120	0	0	280	0	0	209	58	0	0	0	68	9	17	0	0	0	7	21	28	19	19	0	321	28	0	0	0	0	0	0	0	510	162	53	107	554	0	0	3	0	431	7	297	14	7	0	2595	0
F1413	6	170	47	0	0	40	0	203	3	0	0	0	12	6	0	0	0	3	60	75	23	0	162	0	9	0	180	20	60	7	25	0	0	13	0	0	0	7	30	42	24	1606	0	10	0	0	241	10	12	397	0	0	20	0	12	0	0	36	218	13	69	34	83	11	3	0	0	0	94	0	11	7	542	0	0	20	236	9	0	0	167	10	6	164	0	0	934	23	0	7	3	117	10	28	12	12	0	4	63	557	0	0	168	86	32	9	0	7	0	50	0	0	302	1457	0	3	94	0	0	0	0	51	0	9	30	0	0	2107	0
F1544	0	8	98	0	0	51	0	0	0	0	0	7	7	0	0	0	0	8	26	24	18	122	215	70	0	0	337	0	17	173	13	0	0	6	0	0	0	0	30	256	0	218	5	25	0	0	759	4	23	645	0	20	51	0	19	55	0	54	0	58	435	0	0	50	0	0	0	0	170	0	0	0	20	0	0	18	48	442	0	0	229	0	0	0	8	0	132	0	0	0	0	0	9	47	26	0	0	0	44	400	9	24	0	385	0	125	0	0	0	0	0	2	237	33	13	0	58	0	0	0	0	150	0	27	7	39	97	3019	19
F1559	0	17	36	0	0	7	2	139	0	0	0	0	0	4	0	0	0	4	0	66	0	0	81	35	0	0	65	12	111	5	16	0	0	0	0	0	0	2	0	167	31	1111	3	0	11	0	240	0	36	177	8	0	45	10	7	0	0	0	0	6	34	66	0	11	8	0	6	0	40	0	0	0	0	0	0	0	0	7	0	0	43	0	0	3	3	0	483	0	13	0	0	159	0	30	0	0	0	11	62	77	0	0	0	117	0	0	0	0	0	0	0	0	291	96	0	4	42	10	0	0	0	9	0	0	3	0	0	999	0
F1774	0	0	36	0	0	10	0	70	0	0	0	2	0	3	0	0	0	16	149	86	11	0	63	0	49	0	356	0	76	16	11	249	0	0	0	0	32	0	283	507	145	111	0	32	0	0	359	7	98	365	0	34	22	23	30	20	0	66	70	76	66	185	0	19	52	0	10	0	88	0	0	79	12	0	21	12	93	41	0	0	173	0	5	109	0	0	152	8	0	0	0	130	8	51	0	0	0	9	4	1445	0	116	31	500	0	269	0	16	0	47	0	16	660	94	133	0	256	20	0	0	0	162	0	132	15	81	10	3182	0
F1909	0	3	44	0	0	0	0	3	16	0	0	22	0	0	0	0	0	0	0	0	0	0	39	35	0	0	135	0	41	12	32	0	34	0	0	0	9	6	0	495	0	0	4	70	0	0	171	0	55	162	0	0	56	0	25	72	0	45	3	18	62	19	7	8	25	0	0	0	112	0	19	0	153	0	0	15	28	135	0	0	46	0	0	0	3	0	15	508	0	37	0	0	0	9	8	0	0	0	23	1657	18	8	0	59	0	131	0	0	0	16	0	0	284	7	0	0	245	0	0	0	0	98	0	72	0	0	12	5223	0
F1915	0	33	37	0	6	0	0	244	0	0	0	0	0	0	0	2	0	10	32	183	0	0	341	0	0	0	294	0	34	52	0	11	0	0	0	8	0	0	59	236	0	16	0	0	0	0	459	3	13	502	0	1529	35	0	60	92	0	129	49	33	115	0	10	38	16	0	4	0	0	202	4	5	55	0	23	0	55	87	83	15	317	0	0	218	0	0	204	2	0	0	0	227	0	0	11	0	0	0	12	1151	13	20	20	114	16	29	8	0	0	47	0	0	183	130	65	0	119	25	0	0	0	69	0	65	12	20	0	2529	0
F1920	0	25	31	12	0	0	0	112	0	0	8	10	0	0	24	0	0	4	19	71	21	0	705	0	0	0	167	13	39	38	30	0	0	173	0	0	22	20	69	622	0	0	0	4	0	0	456	2	12	2677	0	95	46	0	73	65	0	57	108	29	98	111	0	46	34	0	5	15	95	0	0	108	118	23	16	84	28	79	0	0	152	8	0	0	0	0	0	14	20	9	6	234	8	48	0	0	0	0	0	1444	16	79	0	203	0	159	0	10	0	11	0	15	670	50	214	0	720	66	0	0	11	175	0	16	9	66	0	1872	7
F1975	0	26	18	34	0	32	2	454	18	0	0	0	0	0	0	0	0	12	42	95	60	0	311	43	22	0	307	12	19	22	9	15	0	361	0	0	0	93	74	747	7	0	5	8	0	0	689	0	17	534	0	0	269	0	97	13	0	96	20	36	36	7	0	46	83	0	0	14	102	0	0	0	104	42	0	745	89	91	0	0	367	2	0	8	0	48	690	52	0	16	0	276	0	28	101	0	0	0	51	1690	0	20	37	287	0	119	5	9	0	24	0	9	185	664	0	0	764	17	0	0	0	307	10	272	0	19	0	3080	16
F1977	0	19	265	0	0	11	0	0	0	0	4	0	0	0	0	0	12	0	10	0	7	0	746	0	0	0	498	9	26	48	11	0	13	4	0	0	0	0	16	0	0	1500	5	7	0	0	0	0	0	80	0	0	0	0	25	0	0	0	0	174	131	0	0	0	0	0	2	0	61	0	0	0	16	0	0	0	0	805	0	0	72	0	0	0	5	0	0	0	4	0	0	0	0	55	29	0	0	0	34	0	191	8	0	242	10	429	0	0	0	0	0	0	29	4	0	2	568	0	0	0	0	27	0	0	4	0	165	6580	0
F1996	0	20	76	32	0	0	0	15	0	0	0	4	0	5	0	0	8	0	15	16	44	0	140	57	120	0	467	0	61	112	18	0	0	9	0	0	14	0	134	599	0	3	0	0	0	0	75	16	28	1332	0	0	35	0	22	96	0	174	115	152	243	169	12	48	0	0	0	0	307	0	0	0	0	0	0	12	32	432	0	0	241	0	0	0	7	0	136	523	23	2	0	0	4	17	0	0	0	0	26	321	22	29	0	349	21	0	0	0	0	56	0	0	342	48	22	0	861	0	0	0	0	181	9	28	6	79	44	5790	6
F2113	0	0	74	0	0	0	0	21	0	0	0	13	0	6	0	0	0	3	0	0	7	0	40	30	0	0	144	12	16	42	31	0	0	42	0	0	22	14	98	502	0	77	0	54	0	0	246	0	0	51	0	0	33	0	7	13	0	77	15	19	26	34	0	25	21	0	0	0	127	0	20	0	144	0	0	245	33	54	0	0	50	0	0	32	0	0	0	0	0	7	0	0	0	35	0	0	0	0	14	2107	47	10	0	692	0	48	0	0	0	0	0	0	45	236	0	0	288	27	0	0	0	226	0	24	7	28	0	3963	7
F2118	0	120	54	137	0	0	0	102	0	0	0	21	0	0	0	6	0	13	0	66	0	0	129	0	0	0	43	0	0	57	26	0	0	15	0	0	0	9	69	165	105	2	3	0	0	0	318	0	0	155	0	0	14	0	19	6	57	19	6	32	13	14	5634	12	18	0	0	0	121	31	0	0	45	0	0	0	53	251	0	0	20	0	0	0	0	0	0	5	10	0	0	30	0	7	0	0	0	0	11	791	0	13	0	83	15	266	0	0	0	28	0	0	49	49	0	0	329	0	0	0	0	213	0	0	0	0	0	1530	0
F2141	0	29	15	84	27	4	0	113	0	0	0	0	9	0	0	0	0	27	53	108	12	71	108	0	109	0	157	0	13	10	0	0	0	0	0	0	17	20	93	324	41	1290	6	0	8	0	203	0	14	455	23	41	16	0	18	56	0	232	89	77	52	55	0	38	84	0	10	0	99	98	4	0	26	0	0	31	45	41	10	4	444	4	0	280	0	9	261	109	0	0	4	0	0	22	0	3	0	6	19	1147	0	44	3	143	16	61	0	7	0	70	0	0	35	413	145	39	464	0	0	0	0	149	3	150	4	65	2	1221	8
F2185	0	31	8	0	0	55	0	370	19	68	0	10	5	0	0	0	13	35	13	13	0	0	415	38	0	0	297	151	16	72	124	0	0	0	0	0	71	7	0	659	56	161	14	0	0	13	370	5	0	126	0	0	145	0	107	0	0	0	11	12	59	0	0	5	27	0	7	0	63	0	14	0	62	0	2	270	141	44	0	0	322	0	0	379	0	0	123	5	104	0	4	226	5	80	55	0	0	0	17	194	7	9	0	110	0	8	0	4	6	0	0	6	168	631	0	0	0	0	37	15	0	136	15	74	25	64	0	954	0
F2281	0	4	15	244	46	7	8	639	8	0	0	4	0	3	0	0	0	59	32	174	19	8	162	0	0	0	84	4	0	8	36	0	0	10	0	0	28	30	10	261	31	36	3	0	0	0	536	0	10	320	0	10	21	0	162	36	0	94	77	10	36	0	22	256	56	0	0	6	36	0	0	0	24	7	0	4	94	28	0	5	337	3	12	198	0	31	296	29	22	7	0	104	0	0	59	6	13	5	8	1499	0	93	17	200	0	61	6	0	0	21	29	0	111	1086	50	0	160	0	0	0	57	204	5	56	0	32	0	1591	12
F2299	0	106	0	0	0	9	0	148	0	0	2	28	0	10	0	0	12	9	0	0	11	0	598	0	0	0	450	30	94	75	142	0	17	21	0	0	0	0	30	194	0	619	6	0	0	0	271	0	0	538	0	16	85	3	0	0	0	11	0	28	330	0	0	26	0	0	0	0	0	145	7	0	39	0	0	0	0	136	0	0	87	0	13	0	0	0	0	115	78	0	0	0	0	26	36	0	0	0	17	679	45	6	0	163	0	0	0	0	24	75	0	0	318	51	0	5	570	0	0	0	0	111	0	18	6	0	0	2850	0
F2366	0	2	33	2380	0	0	0	463	0	0	0	5	4	0	0	0	0	0	0	15	0	0	178	27	431	0	186	8	48	34	15	0	0	7	0	0	23	0	110	519	0	399	5	0	0	0	237	0	0	160	0	0	0	24	61	9	0	0	16	37	111	0	6	25	0	0	0	0	40	25	0	0	43	0	0	148	12	134	0	0	33	0	0	0	0	0	13	0	0	0	0	0	3	40	30	0	0	0	5	127	8	7	0	0	0	0	0	0	0	38	0	0	0	74	0	5	388	0	0	0	0	101	0	0	4	41	0	999	6
F2395	0	25	17	0	0	2	0	7	3	0	0	0	0	4	0	0	0	7	0	0	0	0	408	0	42	5	219	0	98	121	0	0	0	13	110	0	0	11	16	272	0	669	10	6	0	0	231	0	19	392	0	0	34	0	5	2	0	0	15	12	106	0	0	25	0	0	0	0	61	0	21	22	2172	0	0	10	39	28	0	4	91	0	0	0	2	0	5	0	0	0	0	662	0	19	119	0	0	0	100	1265	0	21	0	311	36	246	3	0	3	50	0	0	1050	42	0	0	31	16	7	0	0	34	0	64	4	0	0	1613	0
F2501	0	13	346	0	0	0	0	0	0	0	0	0	0	0	0	0	0	2	0	0	0	0	14	0	0	13	324	0	174	5	105	0	0	0	0	0	0	0	0	16	2142	0	0	23	0	0	14	0	36	0	0	33	150	0	0	28	0	0	0	11	10	176	56	2	0	0	0	0	0	0	6	0	80	0	0	0	0	446	0	0	0	0	0	0	0	0	0	282	0	0	0	4	6	31	0	0	0	0	250	18	11	40	0	66	0	551	0	0	0	145	0	0	23	0	0	2434	98	0	0	0	0	165	0	12	0	0	0	9517	0
F2504	0	7	240	0	0	21	0	0	0	0	0	0	14	2	0	0	0	0	0	0	35	0	855	0	569	0	819	32	122	373	55	0	0	13	0	12	0	0	17	310	0	704	0	7	0	0	0	0	50	0	0	0	118	0	77	74	0	0	0	0	152	0	0	36	0	0	0	0	17	0	10	0	129	0	0	0	41	252	0	0	0	0	0	0	10	0	0	0	0	0	0	0	0	0	26	0	0	0	0	1994	336	27	0	347	0	0	0	0	0	168	0	0	181	4	0	41	180	51	0	0	0	49	0	0	0	0	123	5513	0
F2507	0	0	0	0	0	0	0	19	0	0	0	0	0	0	0	0	0	0	12	0	4	0	22	0	0	0	128	0	24	22	0	0	0	7	0	0	6	0	7	216	0	336	0	0	0	0	322	0	18	503	0	0	20	0	0	20	0	38	0	6	110	46	8	0	0	0	0	0	34	0	10	0	0	0	0	0	0	62	0	3	58	0	0	0	0	17	0	157	15	0	0	0	0	2	0	0	0	0	29	337	10	17	0	61	0	0	0	0	0	29	0	0	42	0	0	0	218	0	0	0	0	135	0	11	0	16	0	2679	5
F2516	0	0	0	123	0	11	0	460	0	0	0	0	0	0	0	0	0	0	0	96	0	0	164	0	0	0	103	0	0	11	0	0	0	0	0	40	0	2	60	100	0	20	0	23	2	0	199	0	0	704	0	5	17	0	49	47	0	27	46	8	16	0	5137	12	12	0	0	0	15	0	10	41	115	0	0	0	0	19	6	0	562	0	0	50	0	0	162	16	0	10	0	87	0	0	0	12	0	0	26	1159	5	56	27	71	0	44	0	0	0	48	71	0	48	118	2	0	40	0	0	0	0	35	2	3	0	0	0	222	0
F2575	0	16	27	0	28	10	0	186	16	0	0	0	0	0	0	0	0	18	89	163	32	98	360	0	0	0	180	0	444	6	0	0	0	154	0	0	0	53	333	674	0	8	0	16	0	0	224	0	4	34	0	21	40	0	24	94	0	22	32	23	22	0	938	17	13	0	7	0	18	0	0	0	158	63	0	306	15	29	0	6	480	0	7	188	0	42	6	0	19	5	5	3	2	3	176	0	0	0	17	490	0	125	123	97	0	13	19	13	0	43	0	0	531	1553	6	0	41	0	0	0	0	55	0	18	0	6	0	775	0
F2716	0	43	96	0	0	28	0	0	0	0	0	0	0	7	0	0	0	0	13	0	18	0	94	0	100	0	220	6	44	128	50	0	0	25	0	0	0	0	19	96	0	64	4	13	0	0	0	11	17	433	0	0	55	0	78	0	0	0	20	68	137	0	26	35	0	0	0	86	61	0	0	0	79	0	2	38	0	350	0	0	15	0	0	0	0	25	21	335	9	0	0	0	7	39	88	0	0	0	35	513	22	18	5	339	44	59	2	0	0	54	0	0	5	22	0	0	1238	0	2	0	0	427	0	21	0	9	0	6384	0
F2869	0	41	10	0	5	0	0	361	17	0	0	6	0	0	0	0	0	8	19	55	75	0	156	58	42	0	145	11	36	19	43	23	0	28	0	0	35	21	87	282	4	546	3	44	0	0	777	19	22	347	0	0	45	0	158	55	0	164	7	67	143	112	0	37	0	0	6	11	141	0	36	0	28	0	0	55	84	117	0	0	249	0	0	0	0	32	88	152	14	0	0	309	15	34	0	0	0	26	19	2029	15	31	19	0	0	0	20	0	0	0	0	0	484	233	0	0	160	0	0	0	0	50	7	284	11	247	0	3685	21
F2881	0	17	17	0	0	0	0	95	33	0	0	0	0	0	0	0	0	9	18	80	25	43	372	0	0	0	69	0	0	0	0	190	0	29	0	0	0	180	67	443	0	64	0	0	0	0	106	0	21	258	0	189	16	0	31	51	0	75	16	35	12	0	4441	39	22	0	0	11	20	0	96	0	3	25	0	518	16	44	0	0	42	0	0	13	0	0	188	0	0	4	0	112	0	0	25	0	0	0	0	1861	0	8	18	33	0	134	0	0	0	0	0	0	71	148	0	0	350	13	0	0	0	82	0	477	0	86	0	741	0
F2919	0	0	18	0	0	0	0	0	0	0	0	0	0	0	0	0	0	0	4	0	2	0	164	10	0	0	54	0	9	31	0	0	0	0	0	0	0	19	0	352	0	0	0	19	0	0	74	0	0	11	0	0	9	0	7	17	0	6	0	0	24	0	0	0	13	0	0	0	82	0	0	0	23	0	0	0	0	24	0	0	0	0	0	0	0	6	0	0	0	0	0	73	0	17	0	0	0	0	3	1615	13	0	0	60	9	67	6	0	0	0	0	0	60	0	0	0	225	0	0	0	0	119	0	0	0	0	18	1179	0
F2946	2	18	19	0	0	0	0	122	0	0	0	0	0	0	0	0	0	7	68	44	10	0	170	0	0	0	309	0	22	13	18	0	0	2	1515	0	0	0	102	280	84	165	0	0	0	0	168	2	99	97	0	4	54	11	7	32	0	44	107	6	56	139	78	13	27	0	0	8	195	0	0	0	107	0	0	59	64	91	5	0	175	0	0	41	0	27	227	4	0	7	0	0	3	38	8	0	0	0	23	1828	0	14	29	129	34	155	11	14	0	21	0	2	612	1053	3	2	515	25	0	0	0	52	0	120	0	71	0	1874	0
F2953	0	4	15	0	0	0	0	93	8	0	0	0	0	0	2	0	0	4	2	3	3	0	105	13	0	0	42	5	0	34	34	0	0	0	0	0	0	0	47	232	7	35	0	0	0	0	253	20	0	410	0	654	17	0	31	13	0	79	12	7	27	0	0	35	99	0	0	11	75	14	0	0	7	0	0	0	0	70	0	0	45	0	0	0	0	18	0	265	13	0	2	289	3	22	0	0	0	0	27	1167	12	20	0	153	0	0	0	0	0	0	425	0	330	36	0	3	439	44	0	0	0	282	0	32	2	11	0	4020	0
F2956	0	31	30	0	0	24	0	53	0	0	6	4	0	0	0	10	14	17	15	6	3	0	451	27	0	0	215	11	44	165	41	0	26	0	0	7	11	22	15	236	0	1216	13	0	0	0	401	0	0	83	0	0	150	0	246	92	0	21	63	141	54	0	1633	15	0	0	3	0	84	0	0	0	30	0	34	69	0	331	0	0	542	0	3	0	3	0	0	14	31	0	0	280	0	82	47	0	0	0	119	186	18	43	0	358	18	95	0	0	0	50	112	0	1332	437	0	0	558	0	0	0	0	229	0	19	6	0	102	323	0
F2971	0	24	194	0	0	7	0	26	0	0	0	0	12	2	9	0	0	22	0	0	51	0	291	70	0	0	209	178	85	127	146	0	0	13	0	0	0	12	13	0	0	0	9	10	0	4	163	0	0	524	0	0	128	0	19	30	0	133	3	211	73	0	0	29	0	0	0	0	69	0	134	0	15	0	0	0	0	340	0	0	45	0	0	0	7	0	0	110	0	0	5	135	9	44	28	0	0	0	111	597	53	15	0	330	0	0	0	0	7	57	0	0	408	106	0	223	193	0	0	8	0	488	0	0	12	8	14	3944	9
F2976	0	0	0	0	0	0	0	238	23	9	23	2	0	0	0	0	0	7	12	149	24	17	38	0	64	0	45	0	0	0	0	0	0	59	0	0	0	21	179	284	0	6	0	0	0	5	225	0	11	331	0	27	68	0	60	57	0	74	23	7	0	12	4857	14	7	0	0	0	72	12	15	0	41	24	0	84	197	57	0	0	241	0	0	61	0	12	99	14	0	4	0	120	0	0	185	0	0	0	0	760	0	43	13	72	0	36	19	0	0	22	130	0	52	25	0	0	177	105	0	3	5	142	0	11	6	0	0	614	0
F3058	0	0	7	16	0	0	0	72	21	0	0	0	0	0	0	0	0	7	11	14	0	11	263	0	0	0	84	0	6	0	0	0	0	48	12	0	0	54	41	89	0	41	0	0	0	0	241	0	2	52	0	0	32	0	9	59	0	24	12	10	0	44	13870	0	0	0	0	0	123	19	16	88	40	0	0	5	31	40	0	4	171	0	0	7	0	0	44	0	0	0	0	54	0	0	76	3	0	0	8	708	0	49	0	18	0	94	0	0	0	0	78	0	151	226	0	0	459	19	0	0	0	329	2	131	0	13	0	190	0
F3188	0	54	99	7	0	74	0	286	0	0	0	0	0	0	0	0	0	19	5	0	112	0	505	19	0	0	324	16	72	130	236	0	0	0	0	6	13	0	18	500	0	1051	8	0	0	8	715	0	28	1053	8	0	237	0	138	2	0	188	35	32	208	0	157	20	84	0	4	6	85	0	30	12	484	0	0	0	0	236	0	0	429	0	0	737	5	62	52	44	50	0	0	301	7	55	115	0	0	0	184	3322	42	188	0	677	50	180	0	6	0	55	0	0	167	26	0	3	923	33	0	4	0	32	0	209	15	39	32	4360	11
F3211	0	24	73	0	0	51	0	449	0	0	15	10	0	0	5	4	0	10	3	102	27	5	307	16	0	31	460	14	273	16	131	0	0	0	0	0	41	60	0	76	55	1768	12	36	16	0	336	0	54	362	0	0	84	18	60	12	0	9	98	0	3	67	27	13	42	0	10	2	51	0	7	0	4190	0	0	8	0	52	0	0	238	18	17	657	0	7	448	9	171	0	11	200	0	63	0	0	0	0	214	158	12	13	33	269	61	9	6	0	0	19	0	15	47	1687	0	0	33	0	0	0	0	44	0	39	24	18	0	899	18
F3263	0	59	0	0	0	15	0	0	0	0	0	0	10	0	0	0	21	31	0	0	4	0	423	10	0	0	839	89	44	44	166	0	85	0	0	14	0	0	35	0	0	1495	0	3	0	0	0	0	82	2	0	41	233	0	26	0	0	0	0	70	0	0	12	0	0	0	0	0	0	154	0	0	30	0	0	337	0	136	0	0	34	0	0	0	10	0	17	5	0	0	0	0	0	22	24	0	0	0	64	39	24	20	0	155	0	147	0	0	59	0	0	0	0	0	0	0	0	0	3	10	0	54	0	0	3	0	415	4827	0
F3309	0	18	273	0	5	27	0	0	22	0	0	0	0	0	0	0	0	0	0	0	269	0	156	0	0	0	213	34	13	139	0	0	0	58	0	0	9	11	16	126	0	336	0	8	0	0	0	0	2	148	0	0	88	0	29	4	0	0	0	104	56	0	13	21	0	0	0	0	30	0	0	0	734	0	0	0	0	117	0	0	57	0	0	0	4	15	0	4	0	0	0	90	0	95	31	0	0	0	58	371	195	6	0	564	0	573	0	0	0	27	0	0	1114	0	0	0	291	0	0	9	0	19	12	11	0	28	0	7408	0
F3344	0	2	60	137	0	0	0	338	0	0	0	0	0	0	0	0	0	8	2	18	0	0	452	0	0	0	86	0	0	14	20	0	0	0	0	0	0	0	172	256	0	698	0	0	0	0	319	0	10	208	0	11	35	0	50	27	0	36	9	10	12	26	10837	11	0	0	4	5	101	17	0	98	0	0	0	285	16	181	0	0	53	0	0	122	0	0	93	0	0	0	0	18	0	0	0	0	0	0	15	1174	0	0	0	99	21	254	0	0	0	23	0	5	40	147	46	81	174	42	0	0	0	103	0	23	0	6	0	343	0
F3395	0	57	57	0	0	0	0	86	0	0	0	10	0	4	0	0	5	6	17	43	93	0	35	14	0	0	245	15	37	33	0	0	0	0	0	0	0	0	135	632	0	649	5	11	0	0	314	0	46	292	0	0	16	0	3	71	0	66	53	64	147	143	0	6	39	0	0	5	240	0	0	0	202	0	3	22	19	197	0	0	366	0	0	16	0	35	102	249	21	0	0	151	3	3	0	0	0	0	0	2296	0	0	0	213	27	0	2	0	0	45	0	0	279	259	0	0	260	0	0	0	0	65	0	157	9	42	3	2494	10
F3484	0	12	57	0	0	7	0	11	0	0	0	0	0	4	0	0	0	0	0	0	2	0	116	41	0	0	281	11	38	45	40	0	0	0	0	0	0	0	27	133	0	28	0	68	0	0	393	11	0	204	0	657	46	0	27	81	7	0	0	49	134	0	0	26	28	0	0	6	57	0	10	0	12	0	0	3	65	72	0	0	0	0	0	0	13	49	0	197	0	5	0	88	0	31	10	0	0	0	9	3216	18	15	0	190	26	0	13	0	0	14	122	0	0	5	0	10	175	14	0	0	0	58	0	16	0	0	0	3770	10
F3560	0	0	0	57	10	0	0	370	3	18	5	0	0	0	0	0	0	10	11	118	8	14	347	0	86	2	99	0	10	12	0	22	0	20	62	0	0	61	106	73	32	187	0	0	0	0	361	5	0	18	15	0	29	0	61	23	0	106	32	21	8	4	12235	6	29	0	0	0	30	3	0	0	10	25	0	177	18	51	0	0	300	0	0	76	0	11	256	0	0	0	0	8	0	0	23	0	0	0	8	1256	0	56	7	19	0	191	0	12	0	35	0	0	44	217	159	0	414	0	0	0	0	239	0	1188	0	20	0	114	0
F3580	0	5	100	0	0	0	0	0	0	0	0	0	0	5	0	0	0	0	0	0	4	0	18	0	0	0	210	0	85	82	25	0	12	13	0	0	0	0	0	8	0	0	0	0	0	0	0	0	0	116	0	232	0	0	0	0	0	0	0	92	88	3	21	0	0	0	0	0	335	0	0	0	14	0	0	0	0	194	0	0	0	0	0	0	0	0	69	641	0	0	0	0	0	0	27	0	0	0	0	877	147	28	0	335	0	0	0	0	0	0	0	0	0	0	0	0	200	0	0	0	0	84	0	0	0	0	4	5637	0
F3627	0	84	104	0	0	9	0	587	0	0	0	3	46	0	0	0	32	6	27	10	22	0	1125	48	93	0	263	11	11	36	191	0	0	0	0	0	0	0	19	228	4	40	17	35	0	64	529	0	99	1222	0	21	80	0	132	24	0	89	14	48	72	0	84	18	19	13	0	0	5	0	14	0	6	0	0	0	0	162	0	9	383	17	3	0	0	0	201	0	32	0	13	206	3	18	32	0	0	0	0	197	31	15	0	0	0	80	0	0	113	36	0	0	37	54	0	27	75	0	0	6	0	134	0	22	37	0	0	2082	8
F3645	0	4	25	241	0	0	0	22	0	0	0	0	0	0	0	569	0	0	5	10	5	0	42	0	0	0	80	2	39	18	0	0	0	0	35	0	0	2	151	122	23	0	0	225	5	0	133	0	33	6	0	0	42	0	8	22	0	53	0	21	62	29	3474	4	8	0	0	0	127	0	0	0	6	0	0	39	45	128	0	0	14	0	0	0	4	0	0	0	0	18	0	0	0	11	0	0	0	0	16	224	10	34	0	75	0	396	7	0	0	31	201	0	15	31	0	6	220	0	0	0	0	39	0	0	0	0	0	1180	0
F3701	0	0	0	0	0	0	0	29	0	16	0	0	0	0	0	303	0	0	4	0	0	0	121	0	0	0	17	0	0	10	0	0	0	0	11	0	0	0	8	29	17	0	0	7	0	0	64	0	0	0	0	0	6	0	0	0	9	7	6	4	8	0	4862	0	3	0	0	0	10	0	4	4	0	0	0	0	0	0	0	0	23	0	0	0	0	0	0	0	0	4	0	13	0	0	17	0	0	0	6	147	0	4	0	23	0	18	0	0	0	0	9	0	42	0	0	0	44	0	0	0	0	7	0	11	0	0	0	70	0
F3784	0	16	10	0	0	18	0	720	0	0	3	8	0	0	0	0	0	9	5	131	10	0	354	11	110	0	39	0	145	7	12	0	0	0	0	0	15	0	177	143	241	177	0	0	0	0	673	2	6	204	0	18	33	0	57	0	0	95	95	10	15	0	27	190	5	0	3	0	13	19	5	0	0	0	0	188	8	13	14	0	156	0	0	30	0	11	247	4	178	0	0	72	0	13	0	0	0	0	16	422	0	8	26	63	0	46	0	0	0	0	25	0	69	749	59	96	58	0	0	0	49	40	0	5	8	21	0	1254	0
F3829	0	5	0	0	0	0	0	0	4	0	0	0	0	0	0	0	0	3	0	0	0	0	0	0	0	0	293	33	0	137	104	0	11	10	0	0	0	8	0	178	0	0	0	8	0	0	0	0	0	139	0	0	0	0	0	2	0	0	0	174	0	0	13	9	0	0	0	0	0	0	0	0	894	0	0	0	0	149	0	0	0	0	0	0	0	0	0	0	0	0	0	0	0	0	25	0	0	0	55	0	90	25	0	0	0	444	489	0	0	0	0	0	0	0	0	492	0	0	0	0	0	109	0	0	0	0	0	7930	0
F3856	0	13	0	0	15	0	0	52	0	0	0	0	0	0	0	0	0	0	12	35	36	0	44	0	0	0	1474	0	0	87	72	0	0	6	0	0	0	0	0	946	0	314	0	8	0	7	476	0	4	235	0	0	185	132	35	0	0	0	0	17	516	0	0	80	0	0	0	0	0	13	0	0	48	0	0	6	55	85	0	0	0	0	0	0	5	0	0	352	47	0	0	215	0	25	12	0	0	0	54	428	0	112	0	145	30	0	0	0	0	13	0	0	894	12	0	0	699	0	0	0	0	21	0	29	11	0	46	2293	0
F3936	0	22	111	0	0	7	0	0	0	0	0	0	0	0	0	0	0	2	13	4	33	0	17	52	0	0	325	18	80	33	59	0	0	0	0	0	0	0	37	30	0	6	0	5	7	0	567	0	21	128	0	0	220	0	0	163	0	87	0	79	89	126	3	20	0	2	13	8	197	0	7	0	45	0	0	0	52	124	0	0	43	0	0	0	5	13	7	897	10	0	0	27	0	32	0	0	0	0	35	792	36	15	0	214	0	18	0	0	0	75	90	0	51	0	0	7	380	18	0	0	0	327	0	29	5	6	0	3837	0
F3965	0	0	8	27	0	0	0	59	0	89	0	0	0	0	0	0	0	3	26	19	12	0	135	0	196	0	145	0	29	36	0	0	0	6	1096	0	0	17	67	216	31	0	0	0	0	2	230	0	37	181	0	24	22	0	29	105	0	68	11	37	105	36	0	12	17	3	0	3	295	0	0	63	343	0	0	32	0	127	4	0	419	0	0	29	0	20	0	5	0	0	0	53	0	0	0	9	0	0	18	2344	0	74	0	160	0	273	0	0	0	26	272	17	262	29	768	0	271	0	0	0	0	386	7	14	0	37	9	3736	0
F3968	3	10	50	2140	0	21	0	211	0	0	0	0	0	0	0	0	0	0	0	44	25	0	67	0	0	0	103	7	49	22	9	0	0	0	0	0	0	27	132	232	29	756	0	3	0	0	1099	4	44	42	0	0	60	13	2	31	14	78	38	16	45	0	0	0	0	0	5	20	198	0	0	0	7	0	0	356	168	340	0	0	651	5	0	214	0	30	260	0	0	0	0	0	5	20	85	0	0	0	39	468	0	53	72	253	0	69	0	0	0	36	0	0	174	401	0	11	181	0	0	6	0	95	10	93	0	25	0	1888	0
F4013	0	292	71	0	0	16	17	48	0	0	0	0	0	0	0	0	0	0	8	2	10	0	328	18	0	0	451	9	76	8	127	0	0	0	0	0	0	0	92	466	0	330	13	0	0	0	147	0	3	341	0	0	132	0	70	7	0	0	16	25	140	26	69	33	15	0	8	0	16	0	14	0	34	0	0	0	35	87	0	0	90	10	3	0	0	0	443	56	23	0	0	145	2	18	141	2	0	0	74	548	0	17	0	192	66	0	0	0	0	22	0	0	1913	963	0	0	1691	0	0	0	0	87	0	224	4	16	0	1746	0
F4186	0	22	150	0	0	38	0	0	0	0	0	102	0	8	0	0	5	0	14	0	15	0	53	119	0	0	661	13	106	372	572	0	43	0	0	0	80	0	0	82	0	28	4	8	0	0	80	0	0	1368	0	39	0	0	29	51	0	9	0	254	64	312	23	0	34	2	6	12	0	0	0	0	0	0	0	0	0	341	0	0	216	0	0	0	11	0	15	698	6	0	0	195	4	102	0	0	0	0	155	0	247	37	0	282	52	0	0	0	0	245	80	0	0	2	26	25	366	0	0	0	20	101	0	16	4	0	160	2978	0
F4225	0	6	19	0	21	13	71	1032	15	0	0	2	0	0	20	0	0	36	5	307	15	0	190	0	58	0	42	0	0	11	0	0	0	34	0	0	14	17	149	159	0	1537	10	0	0	0	415	14	4	168	11	139	0	0	108	20	0	212	19	20	23	0	0	39	27	0	0	0	44	0	21	0	79	19	0	13	22	8	0	0	634	2	6	48	0	0	208	199	21	0	0	18	0	19	38	0	0	19	5	206	0	3	110	171	0	0	0	0	0	0	0	3	959	1642	0	9	61	29	0	0	28	0	10	51	0	103	0	1393	5
F4369	0	0	12	818	0	0	0	331	0	0	0	0	0	0	0	0	0	14	13	25	9	0	162	7	197	0	94	0	12	17	8	0	0	0	0	0	0	0	84	257	0	473	0	0	0	0	732	0	14	190	0	11	14	0	3	39	0	98	12	20	14	39	0	155	58	0	0	21	15	0	0	0	0	0	0	166	51	68	0	0	345	0	68	0	0	16	22	4	24	0	0	109	0	0	0	0	0	0	8	172	0	20	0	179	0	122	19	0	0	13	0	15	46	78	0	8903	178	15	0	0	0	176	0	0	0	29	0	3221	0
F4398	0	0	6	0	0	20	0	342	0	0	0	2	0	0	7	0	0	0	20	46	24	0	244	0	119	0	117	0	33	24	9	0	0	35	0	0	9	11	139	177	0	562	9	3	0	0	632	3	16	320	0	201	27	0	118	44	0	110	38	67	77	70	0	34	19	0	0	0	70	37	13	0	0	0	0	55	45	74	0	0	251	0	0	24	3	19	333	8	36	0	0	168	8	22	0	0	0	0	0	3049	0	71	20	149	13	116	0	10	0	23	0	0	1051	1517	96	0	343	12	2	13	39	360	0	27	3	54	0	2570	0
F4451	0	18	37	0	0	16	0	62	3	0	0	5	13	0	0	0	0	6	11	0	13	0	10	0	0	0	242	25	86	27	19	0	0	10	0	22	0	0	225	74	0	1582	0	0	6	0	547	0	25	849	0	0	35	0	0	15	0	18	4	43	143	84	0	17	55	0	0	7	49	0	0	0	0	0	0	0	25	34	0	0	9	0	0	0	0	0	24	12	20	3	0	171	0	0	0	0	0	0	23	723	13	11	0	284	0	118	3	0	0	20	0	12	161	297	393	0	185	0	0	0	42	74	0	9	4	9	0	3333	0
F4455	0	6	63	0	11	0	0	53	0	0	0	5	0	0	0	0	0	0	11	59	8	0	158	0	0	0	165	8	28	17	0	0	0	0	0	0	27	5	0	278	14	172	7	0	0	0	371	0	13	598	0	0	44	14	6	19	56	51	28	0	71	48	0	11	16	0	0	11	12	0	0	0	33	0	0	20	0	54	0	0	152	0	0	0	0	24	120	0	24	0	0	0	5	62	44	0	0	0	2	1151	9	33	12	159	0	0	0	7	0	29	0	4	225	387	0	5	125	13	0	0	0	67	5	85	9	34	26	1916	0
F4466	0	0	6	0	0	0	0	0	94	0	0	0	0	20	0	0	0	0	0	0	0	0	0	0	0	0	98	0	68	0	3	0	81	47	0	0	0	522	0	17	0	2	0	0	0	0	0	0	0	0	0	0	7	0	0	0	0	0	0	0	22	0	3	2	0	0	0	0	0	0	41	0	0	0	0	0	0	361	0	0	3	0	0	0	0	0	0	0	0	44	0	9	0	0	114	0	0	0	0	113	0	25	0	0	0	193	0	0	0	19	0	0	0	0	0	407	49	0	0	0	0	0	0	0	0	0	0	2604	0
F4541	0	19	0	3	0	20	0	0	20	0	0	0	0	6	0	0	0	0	144	0	77	0	211	40	0	0	674	14	172	31	45	5	0	190	0	0	21	195	138	322	0	10	0	79	0	6	74	4	110	0	0	0	63	0	15	239	0	0	2	66	613	83	2	0	0	0	0	0	618	0	90	0	75	46	3	0	106	344	0	0	44	0	0	0	9	84	0	0	22	173	0	140	0	29	0	0	0	0	185	3463	20	116	0	0	0	0	11	15	0	129	0	0	154	0	0	3	721	0	0	0	0	877	0	40	0	13	0	5321	0
F4547	6	21	25	1677	0	11	0	189	2	0	0	5	0	0	0	0	0	0	27	47	6	0	321	5	95	0	498	0	31	19	10	30	0	0	0	0	0	5	71	977	21	429	3	0	0	4	435	3	26	180	0	100	47	0	28	86	0	57	82	34	255	204	0	22	8	0	0	0	79	0	24	188	78	0	24	16	47	132	0	0	122	0	0	138	0	29	298	17	0	0	4	133	5	23	0	6	20	5	0	1347	0	26	13	107	0	78	0	7	0	29	0	13	671	1007	61	3	57	0	0	0	25	305	0	327	0	31	10	1522	0
F4557	0	18	103	0	0	16	0	7	4	0	0	0	0	0	0	0	0	0	38	0	11	0	79	0	0	0	462	0	111	64	59	0	0	47	0	0	33	5	198	1108	0	481	0	0	0	0	196	0	79	536	0	0	38	0	26	69	0	73	4	17	255	0	8	0	0	0	0	0	235	0	45	0	57	22	3	48	75	284	0	0	18	0	0	0	0	0	29	13	16	0	0	0	5	113	80	0	0	0	44	4198	24	30	0	136	57	633	0	0	0	51	0	12	391	11	0	0	1530	0	0	0	0	249	0	81	10	8	0	6467	0
F4637	0	19	32	0	0	0	0	0	0	0	0	0	0	5	0	6	25	27	0	0	0	10	155	0	0	0	133	305	122	130	0	0	86	0	0	0	68	0	0	0	0	8590	0	99	0	0	20	0	122	160	0	0	37	0	35	0	0	0	0	175	0	0	23	11	10	0	0	0	0	0	0	0	604	0	0	0	0	107	0	0	33	0	0	0	5	0	0	4	0	0	0	71	0	84	10	0	0	3	0	10	125	6	0	53	0	91	0	0	20	137	0	0	0	18	0	22	0	0	0	0	0	55	6	0	0	0	73	2847	0
F4678	0	22	141	0	0	0	0	205	0	0	0	5	0	0	0	0	0	9	0	35	2	0	219	10	0	0	124	10	38	104	112	0	26	0	0	0	4	3	152	120	32	191	0	29	0	6	429	7	25	402	0	0	94	0	170	0	244	69	39	38	173	306	52	32	10	0	9	0	32	0	0	0	206	0	0	25	0	28	0	0	63	0	0	0	0	0	0	11	0	0	0	0	9	80	0	0	0	0	25	1202	16	21	19	268	0	230	0	0	0	14	0	0	135	359	0	0	273	0	0	0	0	50	3	12	0	47	0	2110	14
F4693	0	47	54	0	28	15	0	229	0	0	0	0	0	0	0	0	0	4	27	179	30	0	194	25	379	0	339	17	78	39	194	12	0	0	0	0	24	0	911	357	0	486	0	15	0	0	549	15	35	114	0	6	67	0	5	76	0	32	10	42	111	0	3284	13	8	0	0	0	69	0	0	17	0	0	0	37	89	194	0	0	312	0	3	36	0	80	94	143	14	0	2	295	2	19	111	0	0	0	0	487	15	173	0	243	27	0	2	0	0	49	0	0	67	587	0	0	202	0	0	0	0	214	7	78	0	67	0	572	8
F4697	0	0	39	0	0	0	0	44	143	0	0	0	0	0	3	0	0	0	28	0	17	0	66	0	0	0	259	11	25	53	39	45	0	93	0	0	0	1022	81	154	0	0	0	18	0	0	247	0	0	189	0	0	92	0	26	70	0	38	14	41	66	278	727	5	29	0	0	0	239	0	101	0	0	42	0	0	0	237	0	0	53	0	0	0	0	15	0	0	0	72	0	0	0	33	0	0	0	0	11	599	15	84	0	143	10	0	0	0	0	18	0	0	132	7	0	7	346	67	0	0	0	408	12	26	0	24	0	4047	3
F4706	0	11	34	0	0	0	0	20	0	0	0	3	0	0	0	9	0	5	0	9	26	0	220	0	581	0	175	0	37	0	0	86	0	2	0	5	0	0	214	165	0	0	0	21	0	0	308	5	27	500	0	609	33	0	0	20	0	55	6	73	105	52	7	25	0	3	0	29	0	10	0	0	0	0	0	501	58	101	0	0	133	0	0	31	0	17	39	87	0	0	0	143	5	23	0	0	3	0	7	1274	16	37	0	112	0	0	0	6	0	11	0	0	21	75	8	0	164	0	0	0	0	104	0	0	5	58	5	2610	0
F4730	10	161	0	600	25	4	2	445	0	0	0	2	0	0	3	0	0	40	61	276	5	0	473	0	0	0	362	11	249	26	32	0	0	0	4070	24	32	0	17	405	10	436	9	0	0	0	971	0	37	122	0	185	180	47	44	19	0	98	102	65	211	123	0	45	0	0	3	8	11	0	0	0	61	0	0	579	89	55	26	0	157	5	0	344	0	0	361	7	84	0	5	94	13	24	0	12	19	33	26	410	16	27	77	178	18	146	0	0	0	87	0	7	196	565	7	0	141	0	0	0	51	30	5	203	7	26	0	708	12
F4820	5	96	18	0	0	8	0	336	9	0	0	5	0	2	0	0	0	11	17	119	8	0	99	11	0	19	368	0	35	8	57	0	0	47	0	0	63	24	31	902	138	351	0	19	0	0	546	3	25	504	0	166	290	13	128	0	0	29	78	33	104	50	0	17	35	0	14	7	112	0	14	0	239	0	0	16	25	21	0	0	546	12	0	294	0	49	451	36	0	0	9	0	11	20	164	0	10	4	158	458	0	6	70	26	0	43	0	0	0	60	0	0	373	2622	0	0	424	30	3	0	17	82	0	229	4	15	0	1125	5
F4876	0	11	12	82	0	0	0	529	8	0	0	0	0	0	9	0	0	38	22	303	9	0	201	0	0	0	84	0	51	10	17	0	0	23	0	0	3	32	61	272	35	54	0	57	0	0	766	0	17	139	0	9	38	0	154	0	0	109	59	12	221	5	19	43	57	0	2	0	9	0	19	0	113	0	0	32	77	19	5	0	315	8	0	264	0	23	96	25	0	4	0	121	0	2	19	0	0	0	19	1385	15	18	119	208	0	19	26	0	0	34	115	22	244	1623	0	0	80	0	0	0	0	58	0	244	22	0	0	1334	7
F5026	0	16	50	0	0	0	0	217	0	0	21	5	0	4	0	0	0	8	21	24	7	0	107	0	9	0	119	0	132	9	38	0	0	0	0	0	9	10	365	107	7	178	0	0	0	0	220	9	5	141	0	0	70	3	20	45	0	10	34	8	104	7	0	27	13	0	0	3	48	0	17	0	22	0	0	28	133	58	0	0	143	0	0	52	0	11	213	67	24	0	0	228	3	36	0	0	0	6	0	1456	0	9	3	201	22	0	3	0	0	20	0	6	103	660	32	0	91	50	25	0	0	0	0	33	11	13	0	2287	0
F5029	0	14	104	0	0	16	0	68	0	0	0	6	0	0	0	0	0	10	50	0	10	0	60	9	0	0	447	6	59	31	19	0	0	0	0	0	19	0	889	310	0	0	0	0	0	0	350	0	69	445	0	364	58	0	43	167	0	56	10	31	231	0	0	45	0	0	0	26	116	0	0	0	36	0	0	59	52	223	0	0	19	0	0	0	0	62	170	324	0	17	0	142	0	0	56	0	0	0	22	1621	12	76	0	226	38	0	0	0	0	82	0	2	183	46	0	0	621	11	0	2	0	559	0	37	5	55	0	5459	10
F5071	0	15	45	0	0	10	0	0	20	0	0	0	0	0	6	0	0	0	4	0	0	0	784	12	0	0	118	10	11	80	87	0	25	26	0	0	8	15	9	248	0	0	0	0	0	0	55	0	36	275	0	0	37	4	12	0	217	43	0	17	78	53	16	12	0	0	0	0	370	88	14	0	2066	0	0	0	0	93	0	0	210	0	0	0	0	0	0	28	41	0	0	86	0	0	72	0	0	0	42	347	27	37	0	231	0	363	0	0	0	20	472	0	341	10	0	36	331	18	0	0	0	186	0	0	0	11	8	4389	0
F5201	0	0	76	0	0	4	0	0	0	0	2	0	0	13	0	0	12	28	0	0	24	0	46	23	89	0	443	44	82	328	43	0	0	0	0	0	14	4	463	185	299	978	0	3	0	0	15	0	38	2913	0	322	10	0	26	5	0	7	0	123	53	219	0	0	89	0	3	0	192	82	0	0	173	0	2	0	72	262	0	0	0	0	0	23	0	0	188	40	0	0	0	381	0	58	0	0	0	0	0	451	49	65	0	661	0	376	0	0	5	15	0	0	55	84	335	0	15	0	0	0	0	81	0	10	0	0	107	3451	0
F5210	0	5	0	0	15	21	0	118	0	0	0	0	4	5	0	0	0	0	68	68	20	0	48	0	202	0	413	0	0	7	0	232	0	0	0	3	0	0	818	469	0	99	0	0	0	0	674	40	21	176	15	159	24	0	15	121	0	107	7	44	104	0	12	49	0	0	0	22	79	28	0	0	0	0	0	623	64	103	0	0	25	0	0	0	0	24	169	0	15	0	0	302	0	17	0	0	0	0	0	1686	0	46	0	380	21	266	11	0	0	35	0	0	24	0	0	0	275	0	0	0	0	153	0	123	4	182	0	4940	9
F5224	0	108	22	0	0	9	0	48	14	0	0	0	0	0	0	0	0	3	0	6	18	0	19	9	0	0	238	11	41	37	10	0	0	22	0	0	0	0	13	142	0	55	10	14	0	0	200	0	7	113	0	0	36	0	6	13	0	31	2	7	86	57	0	9	0	0	0	0	42	0	47	0	1952	0	0	0	0	46	0	0	43	0	2	0	0	0	0	176	0	5	0	0	0	5	0	0	0	0	25	922	0	0	0	39	0	0	0	0	0	53	0	0	28	67	0	30	401	0	0	0	0	51	4	13	0	0	0	782	0
F5285	0	68	0	0	0	30	0	23	0	0	0	0	18	8	11	0	0	15	6	19	0	0	32	124	0	0	88	20	0	169	331	0	0	12	0	0	0	40	40	317	0	10	0	4	0	0	829	0	12	161	0	0	14	20	17	31	0	0	0	74	148	0	0	0	0	8	0	0	34	0	19	0	192	10	0	59	0	67	0	0	110	0	0	0	0	10	148	0	317	5	0	0	0	0	40	0	0	0	195	503	27	0	0	397	21	0	0	0	136	24	0	0	555	33	0	0	118	11	0	0	0	57	0	180	9	25	0	2330	0
F5292	0	16	90	0	0	0	0	19	6	0	0	2	11	0	0	0	0	16	13	2	9	0	46	11	241	0	211	12	0	54	44	0	0	44	0	0	0	17	21	179	153	332	3	0	0	0	118	0	15	333	0	0	53	0	12	45	133	86	7	34	46	526	0	34	19	0	0	0	57	0	5	0	19	0	0	2	7	140	0	0	135	0	0	0	4	21	0	9	0	0	0	193	0	4	0	0	0	0	28	366	37	23	0	180	0	229	0	0	0	67	0	10	48	43	0	107	316	0	0	0	0	255	0	54	0	0	0	4222	0
F5326	0	0	27	247	0	0	0	40	0	0	0	0	0	0	0	0	0	4	0	0	7	0	12	0	0	0	70	9	0	80	0	37	32	3	0	10	8	0	0	71	0	231	0	0	0	0	150	0	0	285	0	823	0	0	0	41	0	0	31	8	18	36	0	8	24	2	0	17	75	72	0	0	342	0	0	21	58	38	0	4	0	0	0	0	0	0	0	16	11	0	0	79	0	26	0	0	0	0	0	371	0	17	0	271	0	222	0	0	0	35	0	10	526	1663	157	5	228	10	0	0	0	99	0	11	0	6	0	3448	0
F5352	0	38	114	81	0	0	0	50	0	0	0	0	17	0	0	0	15	12	39	9	5	0	418	0	0	0	373	30	46	204	76	0	0	0	0	0	33	0	366	135	0	805	6	2	0	8	545	3	132	393	19	97	14	0	52	20	0	71	5	127	49	0	9	14	57	0	9	9	50	0	0	0	0	0	0	10	27	95	0	0	0	0	9	3	4	0	141	177	0	0	0	781	0	84	13	0	0	0	0	176	33	11	0	143	0	0	0	0	0	73	0	0	128	15	25	0	31	0	0	0	0	65	10	0	0	15	27	926	7
F5374	0	7	10	0	0	7	0	7	0	0	0	5	0	0	0	0	0	2	11	0	0	0	55	0	22	2	103	0	17	5	0	0	0	0	0	0	0	0	85	93	0	0	0	16	0	0	143	0	6	217	0	0	27	0	7	27	0	38	0	0	42	12	2	5	0	0	0	0	12	3	0	0	6	0	0	125	11	29	0	3	6	0	0	0	0	8	31	0	0	100	0	53	0	22	7	0	0	0	0	2078	0	7	0	38	0	70	12	0	0	5	0	0	30	34	0	0	318	17	0	0	20	220	0	0	0	0	0	1558	0
F5423	0	28	0	0	0	8	0	67	0	0	0	0	0	0	0	0	0	0	28	3	8	7	101	0	95	0	120	0	0	25	29	0	0	92	9	0	6	75	50	141	0	93	0	79	0	0	245	0	0	155	0	0	40	0	6	26	25	99	12	0	65	157	577	7	24	0	0	0	26	20	3	0	29	0	0	163	52	55	0	0	77	3	0	0	2	0	0	76	0	20	0	41	2	13	19	0	0	0	9	1213	0	27	0	113	12	0	83	0	0	14	133	0	10	186	0	0	647	183	0	0	0	103	21	66	0	70	0	1880	11
F5429	0	37	20	9	17	4	0	525	0	0	0	0	4	0	19	0	0	0	0	71	14	6	255	23	0	0	131	29	749	33	101	2	0	0	0	11	0	0	158	284	8	732	0	0	0	9	1043	5	38	379	0	23	93	0	95	5	0	0	12	18	24	3	0	16	0	0	6	0	54	91	0	0	1624	0	0	6	64	38	0	0	108	5	0	116	0	15	222	6	0	0	0	110	17	23	33	0	0	0	41	432	0	7	14	12	0	40	0	0	0	88	0	0	127	992	0	9	93	5	0	0	0	0	0	35	0	0	0	651	0
F5430	3	0	16	0	0	0	6	66	0	0	0	0	0	0	0	0	0	5	0	18	0	0	153	0	0	0	13	58	12	0	0	0	0	0	0	0	0	10	0	85	0	228	0	8	0	0	178	0	0	209	0	0	12	0	11	0	0	28	11	5	0	41	24	7	12	0	0	0	3	0	3	0	605	0	0	17	20	0	0	4	153	8	0	2	0	0	428	12	47	0	0	74	0	7	0	0	0	11	14	47	0	0	34	98	0	0	0	0	18	9	0	0	384	242	0	5983	0	0	0	0	3	23	2	11	4	4	0	631	3
F5457	0	38	17	0	0	0	0	248	4	0	0	0	0	2	11	0	0	4	32	91	19	0	543	0	528	0	77	0	0	34	0	0	54	48	0	0	0	7	81	193	0	1227	0	11	0	0	965	8	0	474	0	0	23	12	229	26	12	70	16	10	23	15	150	16	10	0	7	0	51	0	0	14	32	18	0	54	75	73	0	0	576	0	0	55	0	36	7	114	17	0	0	0	0	28	108	0	0	0	38	1101	13	26	9	75	8	59	0	0	0	26	0	0	43	675	0	19	118	0	0	6	0	105	0	209	2	46	0	1635	0
F5467	0	15	13	199	0	0	0	159	18	187	0	12	0	0	0	341	0	0	35	0	0	0	59	11	0	0	179	10	0	15	34	26	0	32	0	0	0	25	278	440	124	16	0	0	0	0	733	0	0	153	0	0	53	0	169	61	0	102	30	24	18	0	10696	7	70	0	0	0	171	26	45	483	27	0	0	364	140	124	0	0	285	0	0	0	0	0	6	8	13	30	0	0	0	9	137	0	0	0	48	1613	0	28	0	97	17	73	0	13	0	19	257	0	52	94	0	37	419	31	0	0	0	119	8	10	0	46	0	251	33
F5494	0	0	98	0	0	36	0	10	4	0	0	0	0	0	0	0	0	0	14	19	12	0	26	0	0	0	284	12	49	109	45	0	0	0	0	0	18	2	10	74	137	0	0	0	0	0	73	0	54	408	0	275	47	0	32	21	43	0	32	76	109	208	0	46	46	0	4	5	0	0	6	0	52	0	0	42	0	261	4	0	200	0	0	0	3	23	42	8	17	0	0	27	0	53	0	17	0	0	14	1362	0	13	0	407	29	380	0	0	0	29	709	2	446	19	127	0	358	0	0	0	0	131	6	27	4	13	33	5841	5
F5502	0	71	46	0	0	0	2	130	0	0	0	22	20	6	0	0	9	0	0	36	94	0	58	81	0	0	706	12	66	113	91	0	38	0	0	0	47	8	42	597	16	1402	12	0	0	0	701	0	35	1523	0	7	10	0	114	18	0	7	67	138	39	220	0	37	31	0	8	0	49	0	0	0	12	0	0	0	0	44	0	0	93	2	5	0	0	10	42	176	76	0	0	0	0	62	0	0	0	0	0	345	29	24	67	102	0	0	0	0	35	36	0	4	239	190	68	0	76	0	0	0	0	138	5	48	5	60	7	1018	18
F5620	4	60	15	69	0	0	0	286	6	0	0	0	0	0	0	0	17	19	21	53	19	0	494	49	0	14	75	14	44	90	18	0	0	11	0	0	0	17	0	84	0	242	0	0	0	0	123	0	18	631	6	0	0	0	101	0	0	0	132	39	0	76	0	8	13	0	0	6	0	28	16	0	461	0	0	0	0	25	0	0	262	3	5	16	0	0	1007	0	78	5	13	109	9	0	0	0	0	0	143	700	39	0	98	96	0	43	0	0	0	10	0	0	328	1166	24	0	0	0	0	0	30	10	0	0	0	0	0	1356	0
F5723	0	0	87	0	0	0	0	0	0	0	0	0	0	0	0	0	0	0	23	0	17	0	142	0	0	0	224	0	34	62	0	0	0	3	0	0	0	0	57	100	0	378	0	0	0	0	0	0	0	112	0	0	14	0	17	21	0	18	0	61	84	0	0	0	18	0	0	0	278	0	0	0	656	0	0	0	0	322	0	0	0	0	0	0	0	0	8	529	0	0	0	0	0	7	26	0	0	0	0	2391	35	9	0	201	0	0	0	0	0	35	0	0	174	0	0	0	532	0	0	0	0	128	0	0	5	0	8	2557	0
F5808	0	64	0	0	0	6	30	405	7	93	0	0	0	0	0	0	0	5	5	38	0	0	360	24	0	0	135	27	0	22	68	0	0	16	0	0	0	24	0	146	109	214	0	0	0	0	517	0	0	195	19	0	44	0	79	0	0	0	105	6	70	0	2	10	3	0	4	0	8	0	0	0	1260	8	0	18	7	15	0	2	119	6	0	0	4	0	0	2	68	0	0	127	15	23	89	0	0	0	97	171	12	0	0	192	0	14	0	0	0	23	34	0	532	603	0	0	153	0	0	0	0	44	17	27	0	10	0	1134	0
F5845	0	29	5	7	0	9	4	282	4	0	0	0	0	0	0	17	0	0	16	30	9	0	167	30	0	0	96	17	0	0	0	0	0	12	0	0	14	23	0	316	10	1057	8	0	0	0	327	3	0	306	0	73	8	0	20	0	0	0	31	0	57	0	0	91	9	2	0	0	10	0	16	0	72	0	0	20	0	0	0	0	125	0	0	87	0	80	92	25	0	0	0	0	0	2	66	0	4	0	13	109	13	4	37	25	0	22	0	0	9	19	0	0	75	490	0	0	130	0	0	0	0	121	0	126	0	0	0	941	0
F5995	0	0	8	110	0	0	0	92	57	31	0	0	0	0	10	738	0	0	0	79	0	0	259	0	0	0	40	0	356	40	10	0	0	8	110	0	0	9	145	124	51	0	0	0	0	0	416	6	0	6	0	0	24	0	74	29	15	54	48	24	8	0	10513	0	5	0	3	0	145	8	36	22	0	0	0	199	55	27	4	0	111	0	0	0	2	0	49	11	19	15	0	0	0	5	27	0	0	2	10	467	0	12	0	81	0	32	0	0	0	34	38	0	65	108	0	0	259	48	0	0	0	63	0	56	0	0	0	103	0
F6014	0	0	181	0	0	12	0	0	0	0	0	0	0	0	0	0	0	0	0	0	4	0	0	0	0	0	23	0	13	0	50	0	6	0	0	0	0	10	0	13	0	0	0	0	0	0	0	0	50	7	0	0	66	0	0	68	0	4	0	0	25	0	0	0	0	0	0	0	123	0	35	0	185	8	0	0	0	16	0	0	0	0	0	0	0	29	0	1279	0	0	0	0	3	0	25	0	0	0	34	229	0	31	0	272	0	0	6	0	0	16	0	0	0	0	0	92	67	0	10	0	0	217	0	29	0	0	0	5783	0
F6135	12	14	13	0	0	29	0	734	0	129	11	3	0	6	11	0	0	5	19	108	66	0	102	18	0	0	631	10	100	35	49	0	0	0	0	10	0	16	17	467	26	628	7	0	6	0	1237	0	21	344	0	0	421	0	252	30	0	54	32	36	352	44	0	26	78	2	8	6	69	0	10	0	18	0	5	0	32	205	0	6	241	0	10	42	0	0	237	83	28	0	5	45	0	58	0	0	0	0	134	539	0	30	8	437	29	41	0	0	0	49	103	11	484	254	0	29	385	0	3	0	0	127	135	204	3	35	0	2813	16
F6161	0	10	0	52	12	0	0	399	18	0	0	2	0	0	0	0	0	14	32	260	46	0	65	23	433	7	77	0	0	0	21	13	0	70	0	0	11	27	83	382	21	263	4	0	14	0	380	8	10	823	7	0	56	0	118	65	0	118	20	43	39	30	8	7	56	0	12	0	173	101	28	0	0	0	0	94	57	26	0	5	131	0	15	127	0	0	70	191	36	17	0	23	0	23	25	0	10	0	5	846	0	48	20	313	8	8	19	0	0	0	108	10	64	586	0	6	141	157	6	0	0	61	9	334	0	96	9	1801	6
F6178	0	12	0	0	0	9	0	0	0	0	0	47	31	19	0	0	42	8	0	0	3	0	395	19	0	0	84	60	77	160	0	26	0	18	0	43	0	0	324	192	0	3518	0	0	0	0	96	0	10	35	0	0	94	0	6	0	0	0	11	167	64	0	25	25	0	0	0	20	34	0	0	0	0	0	0	601	124	133	0	0	22	0	4	24	0	0	250	732	452	0	0	0	0	184	0	0	0	0	56	1071	284	3	0	687	0	0	0	0	0	38	0	0	224	51	78	25	227	0	0	0	0	140	0	17	6	0	31	1922	0
F6186	3	16	30	0	0	12	0	193	0	0	3	7	0	9	0	0	0	12	19	7	35	0	45	0	0	0	178	14	8	30	34	0	0	125	0	0	6	7	48	124	0	4219	0	0	0	0	660	10	0	787	31	0	42	7	60	25	0	386	55	42	84	163	369	52	78	0	0	11	30	12	0	0	0	0	0	362	31	98	0	0	175	0	0	4	0	0	198	60	79	0	0	0	3	53	0	0	0	2	5	2216	17	8	0	1026	21	0	0	9	12	13	128	20	86	663	0	29	148	0	0	6	0	187	0	0	8	177	0	2824	0
F6336	0	19	71	43	0	17	0	919	0	0	0	17	0	0	0	0	8	3	0	44	38	0	571	0	0	0	192	11	65	8	12	0	0	0	0	0	0	31	129	363	0	329	0	0	0	0	714	0	6	544	0	140	108	0	78	0	0	52	58	16	13	0	0	31	49	2	0	4	48	0	26	0	91	0	0	0	9	47	5	0	409	13	0	0	0	3	301	192	172	0	0	19	4	18	0	0	13	0	22	433	0	22	82	207	0	0	0	3	0	21	68	0	632	208	0	0	368	119	0	0	0	160	0	18	0	38	7	1146	0
F6365	0	0	4	72	9	0	0	114	0	0	0	0	0	0	3	0	0	10	11	17	14	0	45	0	211	0	72	0	15	4	13	0	0	0	0	0	0	11	516	131	0	4	0	0	0	0	148	0	79	105	0	263	20	0	42	48	0	85	9	25	0	66	5721	8	15	0	0	0	92	54	7	189	0	0	0	20	99	65	0	0	37	0	2	72	0	17	122	0	0	0	0	28	0	0	0	0	0	0	4	581	0	31	0	42	34	158	0	0	0	0	180	0	1265	183	358	0	193	0	0	0	0	100	0	84	0	0	0	423	0
F6445	0	23	35	161	0	0	3	7	0	0	0	0	0	0	0	0	0	20	0	2	0	0	182	18	0	0	138	73	8	83	73	0	0	11	0	0	0	14	0	409	7	128	5	8	0	0	125	0	15	66	0	0	9	0	15	0	0	0	0	21	46	0	0	0	10	0	8	0	3	0	0	0	534	25	0	0	0	0	0	0	0	0	3	0	0	0	0	0	0	0	0	32	8	25	11	0	0	0	6	110	26	6	0	148	0	0	0	0	48	17	0	0	27	17	0	18	166	0	0	0	0	0	0	7	0	4	0	330	0
F6490	0	23	83	0	0	41	6	0	0	0	0	0	0	11	0	0	0	5	10	0	0	5	188	0	0	26	598	87	68	96	16	15	0	32	0	0	15	0	53	96	13	0	0	35	0	0	0	0	35	130	0	0	136	0	12	73	0	0	0	170	181	272	0	17	77	0	0	0	675	146	0	0	586	0	0	0	418	540	0	0	0	0	0	0	3	81	0	128	0	0	0	0	0	36	0	0	13	0	111	1956	174	93	0	302	18	640	0	0	0	54	0	0	33	0	0	0	278	40	0	12	0	99	0	0	6	0	19	4877	0
F6503	0	13	50	0	0	0	0	6	0	0	0	4	0	0	0	0	0	0	10	13	11	0	25	0	0	0	170	8	25	19	6	28	0	6	0	0	19	2	34	195	0	215	2	3	0	0	197	8	38	178	0	13	19	0	14	35	0	35	9	47	74	0	2288	30	0	0	2	0	101	0	0	0	5	0	0	38	0	151	0	0	44	0	0	0	4	0	129	135	27	0	0	310	0	46	24	0	0	0	0	1262	27	4	0	0	0	0	3	0	0	19	0	0	0	21	215	0	66	36	0	10	0	222	0	7	7	11	21	2007	0
F6580	0	0	77	0	0	25	11	0	41	0	0	0	4	4	0	0	0	4	0	0	0	0	102	10	0	0	195	12	27	14	8	0	0	27	0	12	0	0	32	532	0	95	12	0	0	0	160	0	8	955	0	0	0	0	0	32	0	153	16	0	22	50	2	12	40	0	0	0	36	0	3	0	261	0	0	164	52	113	0	5	102	0	15	0	0	0	0	0	19	0	0	328	0	18	0	0	0	0	21	4355	16	23	0	289	0	143	0	0	0	10	0	0	230	21	0	0	235	0	0	0	0	37	0	10	4	28	0	5115	0
F6661	0	61	41	0	41	18	10	394	0	0	0	0	0	6	2	0	0	16	21	126	41	0	217	9	63	3	311	26	57	9	45	0	0	0	0	0	30	0	87	206	39	195	7	14	15	0	385	23	13	299	0	0	87	0	198	28	0	99	66	54	107	68	2	37	29	0	4	0	134	0	0	0	6	0	0	95	65	38	0	0	218	0	0	7	0	19	400	133	36	0	0	71	0	35	0	2	0	3	36	787	0	16	34	318	16	0	0	0	30	34	77	0	288	857	9	3	532	11	11	0	0	86	7	52	4	71	5	3900	16
F6730	0	14	100	5	0	0	0	0	0	0	12	0	0	0	10	0	0	0	3	3	0	12	337	43	0	0	159	20	7	86	39	0	0	9	0	0	16	3	131	867	0	450	11	10	0	14	422	0	0	162	0	0	50	0	63	0	0	0	7	30	39	0	0	0	0	0	0	0	36	0	0	0	54	0	0	0	0	120	0	0	254	0	0	7	0	0	121	82	16	0	0	0	0	48	68	0	0	0	0	179	18	2	0	0	0	0	0	0	0	10	0	0	268	81	0	8	65	0	0	0	0	12	0	22	16	21	0	2134	5
F6736	0	17	74	50	9	11	0	55	0	0	0	0	0	5	0	0	0	14	7	0	0	0	74	0	0	0	514	27	24	51	104	0	0	0	0	0	17	0	0	78	0	0	0	0	2	8	283	0	32	251	0	4	52	0	17	20	0	18	0	102	30	38	27	3	55	4	5	0	0	5	6	0	0	0	0	0	16	81	0	0	62	0	0	0	0	0	23	0	35	0	0	0	0	23	0	0	0	0	83	148	36	0	0	230	0	57	0	0	0	23	0	0	52	41	0	0	48	0	0	0	0	48	5	17	5	0	0	1243	7
F6828	5	9	12	2263	30	0	4	224	0	0	0	0	0	0	4	0	0	28	35	203	27	0	108	0	0	2	318	48	29	34	18	0	0	0	0	0	0	14	0	963	17	12	0	9	0	0	639	0	9	271	0	101	87	59	4	21	0	78	108	54	137	33	12	10	15	0	5	34	54	0	0	0	35	0	0	297	33	0	12	0	442	0	0	76	0	17	96	23	0	0	0	88	2	37	161	9	3	17	24	385	0	40	38	61	0	37	13	5	0	38	0	18	344	630	11	174	45	0	4	0	48	28	0	30	2	0	0	1173	3
F6852	0	0	167	0	0	67	0	0	0	0	0	0	0	0	0	0	0	0	0	0	0	0	671	0	0	0	468	0	106	69	33	0	23	14	0	0	0	0	14	143	0	0	0	0	0	0	0	0	0	73	0	0	150	0	0	66	181	0	0	8	89	2	9	0	41	0	0	0	0	0	0	0	87	0	0	0	0	114	0	0	0	0	0	0	0	0	0	239	0	0	0	0	0	0	30	0	0	0	0	346	85	5	0	383	0	0	2	0	0	20	0	0	107	0	0	3126	440	0	0	0	0	57	0	0	0	0	19	7414	0
F6893	0	45	150	0	0	17	0	88	23	0	0	0	0	3	0	0	0	0	10	0	13	0	327	12	0	0	238	16	38	69	0	0	0	103	0	0	5	82	39	10	0	0	25	11	0	0	577	0	0	408	0	0	90	0	19	3	0	22	0	64	158	0	0	0	0	0	0	0	158	0	17	0	112	12	11	5	50	12	0	0	0	0	0	0	11	0	58	484	0	0	0	0	0	53	115	0	0	0	93	608	42	77	0	0	11	0	2	6	15	26	0	0	2888	343	0	0	84	0	0	7	0	75	6	145	14	28	0	4228	0
F6970	0	7	30	769	0	0	0	420	0	0	0	2	0	0	0	0	0	13	103	104	14	2	113	17	0	0	201	0	17	23	16	0	0	0	0	4	14	12	318	356	0	135	0	10	0	0	582	0	71	459	0	49	44	10	126	0	0	139	149	41	164	0	4	18	0	0	0	6	108	0	4	0	64	0	0	3	139	50	0	0	286	0	0	284	0	38	290	19	9	0	0	162	3	49	98	0	0	4	7	1823	0	58	15	345	33	69	0	0	0	24	236	3	138	756	127	1874	175	0	0	0	0	75	0	188	0	107	0	1575	8
F7160	0	36	11	0	0	0	0	110	0	0	0	0	0	6	0	13	0	8	8	15	0	0	14	0	0	0	122	10	9	11	16	0	0	0	0	0	0	0	0	82	0	274	6	0	0	0	82	0	0	178	0	0	0	0	8	0	0	29	12	30	24	56	216	6	8	0	5	0	0	0	11	0	19	0	0	0	0	249	2	0	189	0	0	0	0	34	0	0	0	0	0	44	0	14	4	0	0	0	2	276	18	0	0	143	0	15	0	0	4	43	46	21	114	10	0	0	35	6	0	7	26	7	0	20	8	0	0	1456	0
F7192	0	7	21	7	0	0	0	0	0	0	0	0	0	0	0	0	0	0	0	0	6	0	0	0	0	0	181	0	10	15	0	0	0	0	0	0	0	0	51	386	0	16	0	0	0	0	70	0	5	100	0	74	0	0	0	16	0	7	15	0	28	0	9374	3	2	0	0	0	31	0	0	0	20	0	0	212	21	30	0	0	3	0	0	0	0	0	0	0	0	0	0	42	0	19	102	0	0	0	7	263	13	14	0	70	0	97	0	0	0	27	0	0	74	0	0	326	134	0	0	0	0	46	0	0	0	0	0	439	0
F7230	0	10	43	4	0	0	0	105	0	0	0	0	0	0	0	0	0	0	0	0	12	0	425	25	0	0	115	10	6	23	14	0	0	0	0	0	0	0	67	70	0	951	2	0	0	0	176	3	10	245	0	0	29	0	7	19	15	118	5	141	50	63	3016	29	17	3	0	0	19	8	0	0	0	0	0	647	11	136	0	0	16	0	3	0	0	0	0	6	0	0	0	131	0	20	0	2	0	0	25	1436	15	68	0	206	8	113	0	0	0	30	0	6	81	14	63	28	334	57	0	0	0	80	0	13	2	0	51	1084	8
F7249	0	36	34	0	24	58	5	302	6	123	0	6	8	0	0	0	10	19	32	89	12	20	143	14	274	0	220	34	5	16	46	0	0	0	14	0	0	13	8	101	31	2422	0	21	9	0	1270	4	0	174	0	0	44	0	106	14	0	20	44	37	61	11	0	0	13	0	5	0	0	18	33	7	9	0	0	7	26	27	5	0	215	0	0	16	0	9	520	0	0	0	0	217	0	64	0	9	0	7	74	472	0	18	0	159	0	5	4	0	0	12	0	0	98	705	0	21	31	0	7	0	0	74	0	109	2	0	0	1177	0
F7276	0	5	189	0	0	10	0	36	10	0	0	0	0	12	0	0	0	0	0	0	9	0	423	0	0	0	0	25	6	150	88	0	0	0	0	0	3	0	116	232	84	0	4	0	0	0	428	0	0	432	0	175	14	0	24	66	0	14	9	47	23	10	0	12	81	0	0	101	13	0	0	0	590	0	2	13	0	100	0	0	14	0	0	0	0	0	0	179	13	0	0	245	2	28	70	0	0	0	28	528	48	16	0	1101	0	252	35	0	0	0	0	0	0	41	628	67	0	0	0	0	0	48	0	23	4	0	0	2373	6
F7322	0	127	87	0	23	47	0	527	15	0	13	12	0	0	24	0	0	27	31	4	70	0	219	21	0	0	626	22	89	4	98	0	12	75	0	0	4	24	172	392	0	378	0	56	60	11	917	0	53	703	0	0	335	0	250	30	0	130	4	8	247	381	1101	69	114	0	11	0	280	0	28	0	100	0	0	13	373	196	0	0	632	0	10	0	0	72	6	134	128	28	0	406	0	13	27	0	25	0	144	3109	7	178	0	377	37	0	169	24	5	86	220	2	226	13	0	0	375	257	0	0	0	693	0	103	5	47	0	2751	16
F7356	0	0	5	0	0	0	0	307	2	0	0	0	0	0	0	0	0	5	8	16	4	0	93	10	0	0	166	10	7	28	60	0	0	0	0	5	16	8	35	96	13	0	0	0	0	3	778	4	3	324	0	133	21	0	44	0	0	47	9	30	64	0	0	7	0	0	0	0	14	0	17	0	14	0	0	0	19	18	0	0	44	0	0	7	0	57	110	0	33	0	0	0	7	36	16	0	0	0	3	291	0	19	52	109	0	40	0	0	0	14	0	0	374	169	0	16	41	0	0	0	0	23	0	51	0	16	0	1663	0
F7366	0	29	67	5	0	0	0	148	0	0	0	0	0	0	0	0	0	12	11	40	31	21	537	0	73	0	235	0	203	16	18	38	0	22	0	0	15	17	80	170	0	309	4	0	0	0	271	12	33	152	15	12	31	6	42	42	0	30	26	18	42	5	2873	31	26	0	0	7	72	21	10	0	11	0	0	7	51	73	0	0	136	0	0	161	0	44	282	5	0	0	0	192	0	23	301	0	0	0	5	942	0	0	11	136	0	72	0	0	0	14	111	0	40	129	129	7	229	28	0	0	0	142	0	126	0	43	0	769	0
F7381	0	2	40	0	0	0	0	15	4	0	0	0	0	0	0	0	0	0	14	0	0	0	14	0	0	0	170	0	37	48	30	0	0	30	0	0	0	0	7	66	306	59	0	0	0	0	144	0	8	265	0	0	27	0	0	22	0	0	0	24	57	362	6498	8	17	0	0	6	34	0	13	0	70	17	0	8	9	139	0	0	31	0	0	0	0	0	0	0	24	0	0	31	0	26	0	0	0	0	51	397	20	34	0	138	0	260	0	0	0	26	0	4	4	2	0	0	46	0	0	0	0	209	6	16	0	0	19	1442	0
F7390	0	0	27	0	0	0	0	45	15	0	0	8	5	0	0	0	0	11	0	3	8	0	6	8	0	0	105	15	0	34	63	0	8	16	0	0	0	17	238	127	102	97	0	35	0	0	320	2	0	158	0	65	59	0	27	34	122	47	6	31	13	7	2131	21	26	0	6	0	80	4	19	0	0	0	10	0	48	101	0	0	50	0	0	0	2	0	9	3	0	26	0	147	0	36	26	0	4	0	3	392	14	6	0	339	0	181	10	0	8	0	171	0	303	15	54	36	218	0	0	0	0	169	9	10	0	18	0	2939	0
F7411	3	172	87	0	0	0	0	229	19	0	0	9	32	5	0	0	0	33	3	118	0	0	469	0	0	0	165	29	0	15	43	0	0	0	0	0	0	8	30	266	97	6	7	8	0	6	210	6	10	357	0	122	20	107	36	0	0	54	105	6	0	16	0	742	48	0	0	4	53	0	7	0	103	0	2	813	17	37	0	0	404	21	13	0	0	0	181	52	23	0	0	105	12	77	0	0	0	11	50	146	7	0	243	194	86	0	0	0	0	25	0	0	522	892	3	6	150	0	0	0	0	26	0	0	2	16	20	628	0
F7413	0	81	83	0	26	0	0	318	4	0	0	0	9	0	0	0	0	0	11	142	46	0	335	6	373	0	230	0	60	16	17	0	0	0	0	0	13	4	15	574	58	1937	12	12	74	5	972	2	7	879	0	0	31	0	159	56	0	9	8	14	90	0	0	237	0	2	5	0	48	0	7	85	35	0	0	0	55	173	0	0	561	0	16	0	0	0	32	187	41	0	0	0	2	40	124	5	0	0	79	395	13	61	76	176	0	0	3	5	0	44	0	0	63	236	2	28	157	0	0	8	0	160	0	87	8	8	0	2096	0
F7437	0	7	6	108	25	29	13	392	24	0	0	7	9	0	0	0	0	47	44	234	14	0	364	0	0	33	441	22	38	0	89	0	21	0	0	0	0	74	0	547	96	504	10	8	14	0	512	3	41	344	20	17	153	0	74	2	0	14	84	10	28	625	42	25	15	0	0	5	46	0	76	0	0	31	0	9	50	49	0	8	174	5	9	140	8	49	1979	0	0	0	0	203	9	97	0	0	0	0	255	652	0	9	22	206	34	35	0	0	0	159	12	2	326	1192	5	4	51	0	58	0	0	114	0	26	7	6	0	1226	12
F7442	4	183	65	73	0	0	0	741	23	143	0	0	0	0	0	159	0	7	0	618	40	38	1160	94	0	0	109	11	10	83	28	0	0	110	1858	0	0	73	236	88	0	0	0	11	14	0	2285	30	0	3	0	0	120	0	92	0	0	205	390	89	40	0	6999	0	2	6	0	0	4	155	46	0	6	99	0	910	15	19	0	15	362	0	0	4	0	0	99	0	0	0	3	0	0	32	157	34	0	0	0	710	15	117	0	18	13	150	0	10	0	0	40	47	204	287	0	7	155	0	0	0	0	65	0	68	6	107	0	59	10
F7468	0	10	106	58	0	0	0	0	0	23	0	0	0	0	0	0	0	0	0	0	0	0	314	0	0	10	128	0	19	35	30	0	0	0	0	0	0	0	7	123	0	48	0	0	4	0	283	3	0	110	0	5	97	0	26	24	0	0	0	0	36	15	7912	15	0	0	0	0	15	51	0	413	231	0	0	221	213	73	0	0	302	0	0	0	0	0	0	9	0	0	0	0	0	0	0	0	0	0	63	362	29	68	0	162	0	206	0	0	0	45	0	0	93	0	0	0	217	0	0	0	0	45	12	19	0	29	0	1224	0
F7477	5	13	27	32	21	0	0	280	7	0	0	0	0	0	0	0	0	10	2	85	7	0	68	10	0	0	144	64	16	0	0	0	0	0	0	0	0	0	0	389	44	53	0	10	0	0	402	4	8	175	0	181	40	0	36	0	0	59	228	0	105	43	8	17	8	0	0	0	0	46	16	0	92	0	0	27	56	0	5	0	182	0	8	7	0	0	461	0	0	0	0	18	0	25	10	17	12	0	12	2269	17	8	16	135	0	6	0	0	0	0	0	0	152	1302	0	0	12	0	0	0	12	0	0	49	0	0	0	1310	0
F7500	0	7	0	33	0	0	0	277	5	0	0	0	0	0	0	0	0	19	24	96	22	0	219	0	0	0	101	0	5	0	0	0	0	41	0	0	0	24	139	141	91	190	0	0	6	0	414	9	11	193	0	0	29	0	182	22	0	89	34	22	57	54	2140	8	8	0	10	0	108	0	0	24	98	0	0	206	32	35	4	0	412	0	5	178	0	16	160	5	0	5	0	42	0	24	52	2	0	0	59	1007	0	14	68	594	0	31	0	0	0	0	25	0	375	456	0	0	377	46	0	0	0	179	3	239	12	103	0	538	0
F7536	4	14	19	0	0	38	0	877	0	0	0	17	0	0	2	0	0	15	25	47	24	0	481	0	10	0	370	0	218	60	58	0	0	8	0	9	12	0	242	134	0	96	0	18	0	0	454	0	10	382	4	3	58	0	3	27	0	194	6	50	249	291	23	5	42	0	0	3	11	0	0	181	66	0	15	28	22	52	36	0	330	0	3	0	0	29	188	19	85	0	9	47	4	19	0	0	4	0	77	1152	0	20	76	256	29	47	9	0	0	52	145	45	73	668	3	0	244	0	0	0	0	51	0	80	3	803	0	2329	15
F7610	0	8	88	0	0	0	26	901	0	108	0	0	0	0	0	0	0	55	0	545	14	0	896	0	0	0	79	0	37	0	0	0	0	10	46	0	0	18	31	77	139	84	0	0	4	0	1805	0	0	150	8	0	153	0	83	0	0	138	931	7	0	67	770	52	60	0	0	0	0	54	31	0	12	0	0	8	29	0	281	0	1070	0	0	28	0	21	13	4	18	23	0	129	0	33	0	113	6	18	20	142	14	33	216	277	0	75	15	0	0	20	0	0	33	1013	0	0	0	0	0	0	0	104	0	40	9	0	0	1741	0
F7642	0	0	11	0	0	0	0	0	0	28	0	0	0	0	0	0	0	0	0	0	0	0	14	0	0	0	38	0	7	17	40	0	0	0	0	0	0	0	0	24	24	0	0	0	0	0	15	0	0	6	0	6	14	0	0	0	0	0	0	0	12	120	6060	0	0	0	0	2	29	8	0	0	0	0	0	0	0	28	0	0	0	0	0	0	0	6	0	5	0	0	0	0	0	8	0	0	0	0	0	759	10	0	0	23	7	123	0	0	0	0	0	0	5	0	0	43	0	0	0	0	0	26	0	0	0	0	0	562	0
F7762	4	0	92	0	32	0	0	269	16	0	0	0	0	6	13	1000	0	179	179	625	22	53	512	33	24	0	598	13	94	95	0	0	0	59	0	0	25	6	103	227	0	0	0	0	0	0	406	31	4	192	0	3	476	16	174	17	0	441	329	77	231	44	2491	9	0	0	35	0	0	209	84	25	506	0	0	41	8	123	8	0	671	0	0	697	5	34	2833	11	61	0	7	87	0	57	55	19	26	0	75	328	93	188	100	123	15	42	0	35	0	40	0	53	37	566	21	21	116	15	0	0	0	63	3	524	4	157	0	612	12
F7763	0	0	73	0	0	20	0	0	0	0	0	0	0	5	0	0	0	0	0	0	32	0	10	10	0	0	110	13	24	110	0	0	14	3	0	0	0	0	0	0	148	0	0	3	0	5	24	0	17	177	0	537	156	0	9	13	1210	0	0	29	75	0	0	22	87	0	0	0	134	0	0	0	687	0	9	0	0	213	0	0	2	0	0	0	4	0	0	636	0	0	0	0	31	44	79	0	0	0	17	1155	43	19	0	772	0	0	0	0	0	45	0	0	2	5	100	13	393	23	0	0	0	93	16	10	0	0	45	2688	0
F7867	0	368	55	528	0	13	0	64	23	0	0	6	0	0	0	0	36	18	49	31	166	0	39	0	0	0	587	27	76	38	49	0	0	0	0	34	0	0	220	228	90	433	11	49	0	0	443	0	13	577	0	39	69	0	40	61	0	137	19	55	62	232	13	6	46	2	0	7	10	0	13	0	3	0	24	0	392	119	0	0	400	0	2	0	13	0	135	155	80	3	0	169	7	11	0	0	0	0	25	2536	0	16	0	58	0	0	6	0	22	168	0	0	143	217	8	0	63	11	0	0	0	110	0	15	0	13	26	2472	0
F7901	0	0	5	0	0	54	0	194	11	0	0	0	0	0	0	0	0	21	11	55	2	0	94	0	0	0	136	44	31	0	28	0	0	7	0	0	0	5	0	180	4	157	0	0	0	0	215	4	4	122	0	0	10	0	100	0	0	72	39	6	61	21	0	32	20	0	0	0	11	0	16	0	280	0	0	0	0	11	0	0	160	0	0	40	0	23	533	31	0	0	0	4	3	20	0	0	0	0	45	833	0	16	21	78	11	0	0	0	5	0	0	0	117	406	0	30	58	0	0	0	0	22	6	27	0	0	0	624	0
F7927	0	60	4	0	0	0	0	526	4	0	0	4	6	0	18	0	0	19	31	40	4	0	424	11	0	0	212	54	60	13	100	0	46	9	0	0	0	64	19	258	0	19	5	0	0	0	1154	6	36	262	0	0	121	6	84	0	0	0	51	32	126	0	10	55	0	3	3	8	22	0	22	0	45	20	0	12	89	13	0	0	272	11	22	56	0	0	294	10	34	0	0	0	24	40	0	0	0	0	53	223	14	8	9	77	19	0	0	0	14	15	0	0	394	921	0	37	226	43	29	0	43	0	0	94	17	0	0	681	6
F7947	0	10	39	0	0	23	0	0	0	0	0	5	0	0	0	0	0	0	12	0	0	0	47	119	0	2	185	6	62	35	0	0	0	0	94	0	11	0	15	86	120	0	0	6	0	0	52	0	0	395	0	0	8	0	22	15	184	42	0	23	69	218	0	16	28	0	3	0	145	56	16	0	182	0	0	0	42	164	0	0	35	0	0	0	0	0	0	24	17	6	0	180	0	31	4	0	0	0	8	1368	18	29	0	93	0	573	4	0	0	109	0	2	46	0	4	10	553	0	0	0	9	152	0	0	0	0	24	4194	0
F8055	0	13	198	0	0	0	0	0	0	0	0	0	0	0	0	0	0	0	6	0	0	0	0	0	0	0	245	10	0	210	34	0	7	9	0	0	0	0	97	426	0	0	0	28	0	0	23	0	26	124	0	0	0	0	0	0	0	0	0	204	0	1471	7606	0	61	0	0	0	70	0	0	0	0	0	0	0	0	577	0	0	0	0	0	0	0	0	0	0	0	0	0	0	0	41	0	0	0	0	0	0	359	9	0	0	0	1201	0	0	0	91	0	0	36	0	0	141	159	0	0	0	0	100	0	0	0	0	0	1378	0
F8096	0	28	191	0	0	27	3	27	3	0	0	6	0	9	10	0	18	15	0	0	21	296	945	14	0	0	64	72	0	155	251	0	0	0	0	0	9	0	117	104	0	2979	4	122	0	0	366	0	27	510	0	0	87	0	95	24	0	7	3	288	0	54	0	43	0	0	0	0	33	94	0	0	1013	0	15	5	125	142	0	0	167	3	0	0	6	0	0	254	34	0	0	0	4	41	0	0	23	5	12	144	20	56	0	969	0	0	4	0	0	14	2	0	141	54	0	573	26	0	0	0	0	443	0	40	0	0	0	6337	0
F8102	0	0	52	0	0	13	0	61	0	0	0	0	0	0	0	0	0	2	25	6	17	0	548	0	0	0	214	0	59	13	14	0	0	45	0	0	0	40	136	357	0	16	0	21	0	0	141	0	19	181	0	326	49	0	8	89	0	79	5	15	98	21	0	15	60	0	3	0	158	0	20	0	478	0	27	0	41	133	0	0	10	0	0	0	0	39	0	0	15	7	0	0	2	0	14	0	0	0	31	562	0	0	0	187	10	0	0	0	0	35	0	0	521	25	0	0	1117	16	0	0	0	210	0	18	0	35	36	5183	0
F8103	0	18	9	0	0	12	0	23	28	0	0	0	0	0	0	0	0	3	10	0	5	0	89	0	0	0	65	0	26	29	0	0	0	39	0	0	0	19	17	223	0	0	0	5	0	0	57	0	30	135	0	0	9	0	2	34	0	12	9	15	31	0	0	17	6	0	0	0	64	0	23	0	25	27	0	0	26	32	0	0	8	0	0	0	0	20	69	0	0	7	0	89	0	6	16	0	0	0	0	1372	8	30	0	118	0	45	4	0	0	0	157	0	484	21	0	0	229	0	20	0	13	240	0	5	0	33	0	1842	0
F8133	3	40	45	0	0	22	23	679	0	0	0	17	0	12	12	0	0	10	41	223	100	0	189	24	0	11	206	84	80	26	29	0	0	0	0	0	8	0	14	736	0	3391	3	0	2	0	1357	5	21	675	16	0	29	9	149	2	0	47	85	22	174	137	0	29	0	0	14	0	48	0	6	0	0	0	0	5	11	20	0	0	148	11	20	19	0	0	525	12	56	0	14	0	44	63	0	0	0	0	38	120	19	0	105	52	13	69	0	8	0	39	0	3	237	581	2	0	103	0	102	0	0	0	0	130	21	26	17	1554	5
F8394	3	3	89	0	0	8	7	453	0	0	0	11	0	2	0	0	0	47	0	287	0	0	315	0	0	0	149	3	18	27	0	0	0	0	0	27	15	12	19	388	0	1207	0	0	0	0	933	0	5	123	0	55	8	0	72	36	0	67	161	54	150	261	0	18	0	0	0	41	25	0	7	5	33	0	2	126	13	74	0	9	538	9	0	357	7	12	246	0	0	0	0	84	0	17	0	32	0	16	12	301	0	14	116	217	0	0	0	26	0	7	0	23	608	547	0	141	53	0	0	0	0	27	12	77	0	10	0	3165	4
F8577	0	52	38	0	0	28	0	90	8	0	0	19	0	2	4	0	0	11	55	0	81	0	632	17	0	0	1193	15	265	60	29	0	0	19	0	0	0	7	0	502	0	0	0	0	6	9	70	2	71	315	0	16	147	0	5	20	0	40	12	136	351	340	12	16	25	0	8	29	72	0	117	0	694	10	0	0	0	120	0	0	117	0	6	0	4	17	0	118	0	0	6	88	0	31	33	0	0	0	195	693	28	32	0	217	22	0	0	0	0	204	0	0	887	43	0	9	122	0	0	0	31	131	0	37	7	17	0	5702	0
F8631	0	0	42	596	0	0	0	51	0	0	0	8	0	0	0	0	0	6	17	15	7	0	114	0	0	0	91	0	40	11	15	0	0	26	0	0	0	0	45	156	14	40	0	0	0	0	332	0	12	155	0	112	4	0	0	73	0	64	17	34	51	0	0	17	0	0	0	56	31	0	0	0	44	0	0	446	41	52	2	0	153	0	0	90	0	18	113	86	24	14	0	43	0	0	29	0	0	0	0	3709	0	59	10	194	13	0	8	0	0	18	0	10	236	1742	0	0	594	62	9	6	0	150	5	338	0	86	0	2274	0
F8644	0	26	11	1378	29	4	0	310	9	0	0	0	0	0	0	17	0	42	33	473	71	0	352	8	0	0	189	0	7	15	0	0	0	46	32	0	32	97	72	227	9	787	0	0	6	0	1077	7	4	130	8	0	172	0	74	0	13	66	54	21	68	71	130	7	9	0	0	26	0	22	16	0	52	26	0	57	0	0	6	9	507	0	8	230	0	16	57	19	0	0	0	5	0	14	0	18	0	0	5	641	33	53	16	80	39	26	5	16	0	12	0	13	249	649	0	45	142	0	0	0	0	74	0	95	0	22	0	1360	0
F8790	0	21	0	58	0	0	8	617	0	0	2	0	0	0	0	8	0	35	0	102	6	0	584	6	0	0	181	0	16	0	80	0	16	22	0	0	0	11	17	234	59	121	0	0	6	0	548	0	0	286	0	0	60	0	75	0	0	0	18	0	34	0	114	3	13	0	4	0	0	18	25	20	59	0	7	442	32	0	0	0	108	0	0	103	0	0	0	0	0	0	0	0	0	19	42	0	3	0	105	260	0	0	8	161	0	25	0	12	0	40	9	0	88	718	0	9	0	16	0	0	0	72	17	41	0	45	0	485	0
F8819	0	5	54	0	0	0	0	64	0	0	0	0	0	0	0	0	0	10	11	12	8	0	181	0	0	4	428	11	0	61	18	10	0	0	0	0	8	0	44	621	31	59	6	0	0	0	298	2	33	576	0	150	28	0	0	14	0	8	58	97	109	244	0	92	0	0	0	0	7	0	0	0	0	0	0	146	50	164	12	0	138	0	0	60	0	0	174	44	19	0	0	36	3	122	0	0	0	10	27	259	2	13	11	231	0	159	0	0	0	12	0	2	53	80	103	0	73	0	0	0	0	72	13	8	10	11	20	3147	0
F8948	7	19	28	1904	18	9	0	415	7	0	0	4	0	0	0	0	0	26	16	112	9	0	796	0	0	0	104	15	21	5	0	16	0	5	0	0	0	25	44	284	36	2157	0	2	9	4	609	3	5	387	0	0	29	0	67	27	0	311	35	16	26	286	344	137	197	0	0	9	76	0	29	0	52	0	0	66	86	48	6	0	129	15	5	44	4	13	627	0	32	5	0	691	0	0	3	0	9	6	138	377	10	23	19	107	23	60	4	0	0	34	0	13	269	670	0	7	37	0	0	0	0	206	0	60	4	11	0	1605	6
F8958	4	4	0	0	0	8	0	190	0	0	0	0	0	0	0	0	9	0	36	45	17	0	62	0	251	0	292	0	17	60	15	14	0	0	0	0	17	0	87	248	0	1011	0	0	0	0	616	5	0	495	0	0	39	0	9	62	0	51	11	14	112	209	0	0	0	0	4	25	71	0	0	108	0	0	17	71	20	91	0	0	251	16	7	0	7	66	143	221	7	0	0	0	0	17	0	0	0	0	19	289	0	237	23	612	0	0	3	0	0	45	0	0	31	34	0	0	388	102	0	0	0	215	0	46	4	0	3	5034	0
F9004	5	28	50	0	0	27	0	238	0	0	5	5	0	2	0	0	0	54	5	96	25	0	443	37	0	11	176	36	17	19	33	0	0	0	0	0	10	0	0	436	25	485	4	169	3	0	870	16	16	173	0	0	110	0	100	12	0	115	69	13	121	33	32	5	18	0	9	11	23	500	25	0	166	0	16	7	51	66	0	0	223	0	5	90	0	44	874	0	25	0	0	72	0	43	22	0	0	27	60	1509	0	20	152	173	0	38	0	20	0	37	18	10	172	487	0	15	0	31	0	0	0	40	0	138	2	57	0	1024	8
F9080	0	40	99	0	0	29	0	137	0	0	0	0	7	0	0	0	0	6	0	0	66	0	97	23	0	0	611	63	66	44	0	0	0	10	0	0	0	2	87	80	0	3031	0	11	0	0	634	0	62	148	0	26	57	0	30	32	0	28	0	40	142	0	0	18	20	0	0	7	71	0	0	409	10	0	0	0	170	145	0	0	480	0	3	10	5	144	6	154	101	0	0	0	0	54	180	0	0	0	0	766	25	110	0	238	0	0	0	0	0	89	0	16	278	665	0	0	82	35	0	0	0	131	8	55	18	26	0	4634	0
F9125	0	4	14	230	0	0	0	75	0	22	0	0	0	0	0	0	0	0	5	0	0	0	0	0	94	0	75	0	11	14	8	0	0	50	0	0	0	6	16	263	0	75	0	0	0	0	50	0	0	48	0	275	20	0	0	31	0	12	0	0	25	0	4894	0	11	0	0	0	51	10	7	0	3	0	0	0	29	28	0	0	17	0	0	24	0	8	34	0	0	35	0	58	0	24	48	0	6	0	0	916	0	8	0	24	10	33	0	0	0	12	0	0	1016	109	0	693	164	18	0	0	0	8	0	5	0	23	0	479	0
F9138	0	0	0	0	37	14	0	7	0	0	0	0	0	6	0	0	10	0	170	0	10	0	174	7	0	0	776	12	182	70	12	0	0	0	0	0	0	0	42	539	3	472	0	0	0	10	298	4	0	397	0	0	41	0	16	4	26	22	7	61	0	0	0	35	0	0	0	0	133	0	3	0	0	0	0	0	109	212	0	0	55	0	0	0	9	67	0	0	26	0	0	128	7	25	25	0	0	0	0	951	22	42	0	955	136	97	0	18	0	39	0	0	280	7	411	0	830	0	0	21	0	342	12	65	0	99	0	3851	7
F9349	3	3	29	0	0	13	0	101	0	0	4	0	7	0	8	0	0	8	55	82	93	0	283	38	0	0	176	5	46	50	0	0	0	22	0	2	21	122	29	564	0	0	0	11	0	0	688	3	9	497	0	544	67	0	40	27	0	102	27	34	136	91	0	27	0	0	7	0	251	0	74	0	5	0	0	887	228	140	0	3	105	0	0	67	3	73	635	70	13	11	6	61	0	31	0	0	0	0	13	1998	0	27	0	142	12	88	9	25	0	8	0	65	214	67	0	0	130	0	0	0	0	66	40	432	4	262	0	2132	0
F9410	0	11	91	0	0	13	0	227	0	0	0	9	14	0	4	3	0	4	12	11	4	0	46	9	44	0	234	0	22	35	38	0	0	0	0	0	8	0	727	83	104	8	0	2	0	2	302	7	36	366	0	242	14	0	28	46	0	66	13	35	44	13	5	62	8	0	0	5	103	0	0	0	10	0	0	0	16	137	0	0	53	0	0	0	4	0	9	93	0	0	3	102	0	26	0	13	0	0	11	1878	7	0	0	102	0	137	0	0	0	31	58	3	12	3272	211	5	148	216	0	0	0	75	0	0	0	0	3	3360	0
F9456	0	20	52	0	0	6	0	33	9	0	0	0	0	0	0	0	0	5	3	64	14	0	171	12	0	0	209	0	17	25	45	0	0	0	0	0	0	6	17	115	19	0	4	0	0	0	259	0	6	122	0	0	16	0	73	0	0	68	13	6	15	0	26	5	0	0	0	0	23	0	25	0	77	0	0	849	6	32	0	0	173	0	2	0	3	0	0	46	0	3	0	99	0	16	24	0	0	0	8	287	0	26	0	12	0	0	6	0	0	30	0	0	145	181	0	0	282	0	0	0	0	68	0	0	0	8	3	1152	0
F9476	0	51	55	0	0	0	0	81	0	0	7	0	0	2	12	0	0	2	24	2	42	0	528	0	85	0	242	10	39	35	0	0	0	12	0	0	6	24	56	495	0	165	0	4	0	0	377	3	20	511	0	0	74	0	22	19	0	69	18	38	102	58	0	0	56	0	0	3	164	0	7	0	376	0	0	315	53	18	0	0	0	9	0	0	6	64	0	5	29	8	0	182	6	24	0	0	5	0	72	4171	42	61	0	153	0	180	31	9	0	22	0	0	60	69	0	0	88	0	0	0	39	67	0	0	8	66	0	4405	0
F9484	0	14	19	0	0	0	0	384	9	0	0	0	0	0	10	0	0	11	54	43	47	0	358	22	0	0	116	29	54	0	51	0	87	9	1083	0	9	48	59	332	3	181	0	0	0	0	423	3	44	314	0	0	74	0	78	40	0	45	25	0	94	0	3	0	48	0	0	0	118	0	18	53	111	7	0	471	98	50	0	0	25	0	0	40	0	0	201	212	29	0	0	103	0	0	48	0	0	0	51	1907	0	20	0	97	38	0	38	0	0	15	0	3	134	144	0	41	233	57	0	0	0	233	0	56	12	104	0	2141	8
F9493	2	59	25	522	0	0	0	12	0	0	0	0	0	2	0	0	0	7	11	0	12	0	45	0	51	0	210	0	8	83	0	0	0	0	0	4	30	0	324	591	26	1266	6	0	0	0	0	6	16	261	0	367	21	0	38	0	0	13	23	83	25	92	2	20	34	28	0	0	45	0	14	0	0	0	0	393	50	100	0	0	38	0	0	9	7	0	126	0	0	0	0	392	0	18	0	0	0	0	0	1187	0	12	0	311	14	179	0	0	0	48	0	3	19	138	19	0	149	11	0	0	0	310	0	11	0	102	17	2662	7
F9537	0	0	21	0	0	0	0	57	68	0	0	6	0	0	0	0	0	0	34	14	9	0	266	0	0	0	184	0	45	14	6	0	0	0	0	0	0	62	56	709	0	24	0	13	0	0	125	0	33	143	0	6	38	0	10	50	0	42	5	7	57	47	4755	4	0	0	2	0	334	0	62	228	46	9	13	191	0	16	0	7	50	0	0	0	0	8	378	14	9	194	0	26	0	0	0	0	4	0	30	2071	8	0	0	84	0	241	28	8	0	31	0	0	167	13	13	0	386	0	0	0	0	295	0	90	0	18	0	1704	0
F9549	7	4	0	0	21	0	2	1683	0	25	0	0	0	0	8	0	0	45	41	401	39	94	182	0	91	0	179	0	17	53	0	0	0	0	187	0	0	29	113	93	35	31	0	0	0	0	660	4	11	30	0	0	27	0	77	45	0	76	80	32	25	0	829	12	5	0	10	0	0	0	0	7	0	0	0	33	9	80	168	0	481	0	0	437	3	0	298	0	22	0	0	0	0	0	9	29	0	0	0	1421	12	22	31	73	19	64	0	10	0	31	13	15	59	880	135	0	50	0	0	0	0	74	5	36	0	27	0	1944	6
F9567	0	11	52	0	0	16	0	16	0	0	0	0	0	0	0	0	0	4	0	9	31	0	16	6	0	0	194	9	29	74	17	0	0	29	0	0	18	5	70	386	0	99	0	0	0	0	133	2	29	299	0	0	61	0	47	20	0	59	16	29	53	92	0	11	13	0	0	0	20	0	9	0	0	0	0	19	57	62	0	0	92	0	0	0	9	13	0	18	16	0	0	136	7	56	0	0	0	0	0	1120	42	13	0	165	0	289	0	0	0	15	0	0	380	37	4	0	56	0	4	0	0	115	0	11	5	11	0	3585	17
F9598	9	24	14	0	102	19	5	744	19	0	0	5	56	0	2	0	30	16	40	86	10	0	14	0	0	0	475	8	25	99	0	9	0	5	0	14	15	181	65	543	61	8	2	0	0	0	433	13	5	627	24	0	216	36	22	19	0	9	167	27	95	0	0	39	22	0	8	0	214	0	46	0	17	0	0	18	100	90	16	0	133	19	8	52	0	30	70	16	72	11	5	0	31	107	0	5	0	0	11	799	46	15	17	165	0	28	0	0	0	14	0	0	2180	583	325	6	41	0	7	0	0	47	7	15	4	55	23	5144	14
F9653	0	49	0	0	0	29	0	25	0	0	0	29	10	0	0	0	0	6	19	0	26	0	346	18	0	0	403	18	62	111	108	0	0	0	0	0	15	0	174	571	0	0	0	0	0	4	87	0	65	400	11	1507	61	0	25	25	0	25	6	91	150	142	2	318	31	5	0	0	263	0	0	0	0	0	0	175	21	671	0	0	8	0	0	0	10	0	0	320	17	0	0	0	3	62	0	0	0	0	11	183	53	18	0	250	139	0	0	0	0	70	0	0	182	15	13	0	582	0	0	0	0	109	8	34	9	43	0	3778	0
F9739	0	70	30	0	0	0	0	151	0	0	0	0	0	0	0	0	0	70	6	63	10	0	560	0	0	0	46	44	0	10	0	0	0	0	0	19	0	0	0	47	0	5731	4	5	0	0	684	0	0	111	0	14	36	0	59	0	0	149	37	0	0	25	59	6	0	0	0	0	0	16	13	28	27	0	7	96	0	0	0	5	145	0	0	3	0	0	182	31	52	0	0	0	0	40	0	0	0	0	82	24	0	0	4	47	0	0	4	0	19	15	0	0	218	26	0	46	0	0	0	0	0	47	0	10	25	11	0	836	0
F9747	0	0	0	0	15	0	0	679	7	0	0	0	0	0	0	7	0	15	0	59	5	0	164	17	0	0	67	0	2	0	9	0	0	13	0	0	0	46	11	277	46	2042	0	0	0	0	588	4	0	302	0	0	12	0	42	0	0	13	2	0	36	0	23	0	62	0	0	4	99	0	0	0	9	0	0	0	0	22	0	0	439	7	0	0	0	15	0	44	25	0	6	500	17	9	0	0	0	0	32	187	16	0	0	48	0	0	0	0	4	17	0	5	170	347	0	8	17	0	0	0	0	31	0	130	16	0	0	940	0
F9751	0	22	43	1363	0	36	0	709	0	44	0	0	0	0	5	6	0	18	22	190	24	41	324	0	73	0	214	0	47	32	76	0	0	38	0	0	57	34	51	354	8	513	17	3	15	0	521	2	0	1515	0	0	54	17	125	16	0	217	91	35	114	53	1814	72	45	2	0	11	71	0	31	0	486	36	0	12	137	100	0	0	926	0	0	104	0	28	837	13	0	0	0	129	0	35	8	0	0	2	42	3332	0	53	5	239	11	111	8	11	0	72	0	0	512	208	0	4	589	59	0	0	0	67	0	498	11	10	0	1254	4
F9759	0	26	87	0	41	46	0	285	0	0	0	3	13	0	0	0	0	8	5	31	6	11	393	42	0	0	374	18	100	7	74	0	0	0	0	0	0	0	50	312	4	3257	19	9	0	0	472	0	83	385	0	9	8	14	128	8	0	61	32	38	266	293	0	25	65	0	7	5	63	0	0	0	0	0	0	55	21	138	0	0	449	19	0	0	11	0	77	3	99	0	0	0	0	14	0	0	0	9	0	216	0	43	0	602	43	19	0	0	12	100	0	2	990	517	0	6	49	162	0	33	0	275	0	103	2	29	0	2151	7
F9817	0	16	36	0	9	0	0	37	0	0	0	0	4	0	0	0	0	0	10	0	6	0	90	0	0	0	63	3	0	32	14	0	0	0	0	0	0	69	114	209	101	2	0	9	0	0	159	0	40	56	0	0	12	0	0	7	0	15	2	12	41	0	2	8	24	0	14	0	27	0	0	0	84	0	9	45	16	33	0	0	25	0	0	0	0	0	84	31	13	0	0	0	8	39	13	0	0	0	9	1088	8	10	0	202	0	75	0	0	0	18	184	0	33	0	0	0	79	0	2	0	0	0	0	0	2	0	0	2031	5
F9848	0	22	88	0	0	10	0	0	0	0	0	0	0	7	0	0	0	0	20	0	79	0	120	42	0	0	339	12	86	94	45	0	13	29	0	5	16	0	64	203	0	17	0	6	0	0	301	0	47	390	0	0	34	0	0	0	52	0	0	0	101	208	0	0	0	0	0	0	60	0	0	0	102	0	0	0	63	171	0	0	0	0	0	0	3	0	3	1241	0	5	0	0	4	52	6	0	0	0	12	4894	96	67	0	228	0	0	0	0	0	91	0	0	1340	0	0	26	272	0	0	0	0	295	0	0	0	0	0	8025	0
F9921	0	2	27	0	0	0	0	238	0	0	0	18	0	0	0	0	0	0	13	14	3	0	101	24	0	4	106	0	0	36	29	0	0	9	0	0	20	0	107	101	86	645	0	0	0	0	376	0	0	233	0	0	33	0	89	9	0	162	0	13	64	147	6360	5	33	0	0	7	60	5	0	56	121	8	0	11	11	39	0	0	163	0	0	24	0	0	151	4	0	3	0	6	0	23	40	0	0	0	18	610	0	9	12	137	8	81	0	0	0	21	140	5	63	330	0	0	264	0	0	0	0	135	0	62	0	8	0	1029	0
F9938	0	9	61	0	12	35	0	522	0	0	0	0	31	0	0	0	0	25	126	0	13	0	106	0	238	10	384	15	57	32	18	0	0	8	0	0	0	59	127	653	0	52	9	9	0	14	582	0	90	952	0	0	110	14	21	20	0	86	90	61	317	0	6	23	38	0	0	0	154	0	16	0	350	0	0	11	81	51	0	0	110	0	0	0	7	53	51	84	26	2	0	0	3	68	354	0	0	0	144	1134	0	51	0	220	0	132	7	21	0	44	0	0	132	115	0	78	69	6	0	0	0	34	0	80	11	0	21	4877	0
F9952	0	75	0	1104	19	16	0	237	4	0	0	0	5	0	0	0	0	6	82	82	41	0	82	0	202	0	455	12	22	65	69	22	10	0	0	0	0	35	232	620	0	184	8	0	0	0	488	37	38	1210	34	0	19	0	18	41	0	237	17	50	107	0	0	62	0	0	5	0	932	0	0	0	0	30	0	0	71	271	0	0	326	7	0	0	0	23	0	0	39	3	0	435	6	43	44	0	0	0	19	2160	12	25	0	180	0	0	0	0	0	66	0	0	155	15	0	0	540	165	0	0	0	208	0	112	7	100	12	4342	0
F9955	2	34	10	0	0	0	19	555	0	0	7	0	0	0	8	0	0	66	0	80	2	0	762	0	0	0	129	12	64	30	14	0	0	0	362	0	0	7	21	275	0	356	0	0	0	0	400	0	0	743	7	77	13	0	25	30	0	88	175	14	159	3	0	33	105	0	0	0	12	58	6	88	51	0	0	49	12	0	40	6	231	11	0	139	0	0	449	6	0	2	0	311	0	7	49	12	0	0	34	513	0	29	54	139	9	312	6	0	0	8	780	11	124	808	52	44	405	0	0	0	24	167	8	8	4	21	0	832	0
F9959	9	36	13	355	57	54	0	547	11	0	7	3	0	0	6	0	0	115	79	328	0	7	322	0	89	0	372	15	15	16	40	0	0	38	0	0	34	74	218	606	27	57	3	0	0	0	744	24	0	148	0	80	286	0	148	44	0	246	38	60	20	42	0	33	0	5	0	0	86	11	51	96	0	0	0	20	35	107	0	0	553	13	0	165	0	194	142	66	0	0	0	149	0	67	98	10	0	11	29	1114	7	84	5	330	29	57	0	9	0	13	0	6	361	2011	82	5	150	18	0	0	39	98	5	382	5	45	10	2003	16
