feature	metadata	value	coef	stderr	N	N.not.0	pval	qval
X6f0b4058c92e83c77533a218739a0e38	entacapone	entacapone	-0.0147502645409653	0.00406239402145635	184	183	0.000374674255233687	0.120832447312864
Xe8d0f444dc3a43708bc843fd8472b381	entacapone	entacapone	0.0294702796755242	0.00789331356387163	184	144	0.000258165674046202	0.120832447312864
Xd926c5000a193dc8473f190e75b9fcd0	Age	Age	0.00426580331675998	0.0012938711517962	184	38	0.00119281481086871	0.124286393110564
X7888dc681f2841bbc77d1f456dbda3d9	Age	Age	0.0167666923938877	0.00520784633351191	184	178	0.00154153665873568	0.124286393110564
X76214bb13d1e7d69ca2f7827e3ac12e2	entacapone	entacapone	-0.0108021014827941	0.00319251619379804	184	169	0.00089042431956505	0.124286393110564
Xdc04cb67b3295173275e20a8a7a3d16a	Age	Age	0.00239785936329339	0.000716096690617989	184	23	0.00100293112546094	0.124286393110564
Xdd887bed9045e6e59c223bf9074e8f71	Age	Age	0.00279320542278585	0.000860859374963336	184	32	0.0014189579006097	0.124286393110564
X76aa915543cd876d620ebeafeb9fd767	entacapone	entacapone	0.0150603789734978	0.00464821082682297	184	173	0.00144082201520626	0.124286393110564
Xa55f549b9a40506a070a2fb7e8ca0726	Tert_combine	Combine High	0.176621857257542	0.0556031340726235	184	106	0.00177419583084611	0.127150701210638
Xa49ea569715664c78018691088f7aaac	Age	Age	0.0118137598873515	0.00394148528464238	184	120	0.00313727429466398	0.202354192005827
X959a41695798ad7798d39740d7e9ae19	entacapone	entacapone	0.00997878329832604	0.00338848853545476	184	61	0.00368872294461339	0.216293299934149
X5b73138c8555560a7cd45cb7bd7ca6da	Age	Age	0.00442842837076476	0.00152002391297137	184	26	0.00406197506524451	0.218331159756892
X3d846e34d0ebbaa6096f5b1e5e8afa03	Age	Age	0.0182923736745329	0.00640859832033687	184	170	0.00485583006935844	0.240245874209228
X7bf7ea59cac793e65c0bc293eabf44dc	entacapone	entacapone	0.0103427056480053	0.00365400508356463	184	23	0.00521463913012279	0.240245874209228
X93f6e99ff381954b541d29cc24c2be7c	Tert_combine	Combine Medium	-0.0102444924409899	0.00369329369946015	184	28	0.00616729013517665	0.265193475812596
X2487d88c9966a6b0e2b87711d51811a8	entacapone	entacapone	0.0025389636672787	0.000948760998711564	184	24	0.00818646875281826	0.310604255621634
Xa9625534f57e5ed4661782588cc20467	Sex	Male	-0.00641166032435872	0.00238225610542042	184	97	0.00783440711472746	0.310604255621634
X9f05e4992392a05c38e1c790e07f3e5c	Age	Age	0.0050135049042142	0.00190686430433595	184	131	0.00935306542777081	0.317511957942746
X18f3b811ae49dad2e01b20f5f39d10a7	Tert_combine	Combine High	-0.020968231157307	0.00793758191374957	184	135	0.00902954394616362	0.317511957942746
Xff241ad98176a2c70cdb70878176ca2e	Age	Age	0.00641886421129396	0.00246477269930619	184	119	0.0100327963902606	0.323557683585904
X94adac1e5690b5aef26d6014e471f458	Tert_combine	Combine High	-0.0134601193809949	0.00526147385963891	184	86	0.011403549818412	0.34272654088921
X85c51ab58e3beec0355a935d17f0758e	Age	Age	0.00762766653038993	0.00299210736397775	184	141	0.0116898975187018	0.34272654088921
X855166a7ea9905b7590e5e5fb7da7866	Tert_combine	Combine Medium	0.0116389469355694	0.00467124232695405	184	144	0.0136864974131068	0.383816992671908
X9f185911874fb5d5b2623b647359f33b	Sex	Male	-0.00917429681660051	0.00370884309987827	184	54	0.0143690132281233	0.386167230505814
Xfc2bf17d11280ea7e498670124f07400	entacapone	entacapone	0.00203232876214561	0.000857612332080531	184	51	0.0189346884914807	0.413029790722673
X9f05e4992392a05c38e1c790e07f3e5c	entacapone	entacapone	-0.00464550037582212	0.00192337928793718	184	131	0.0167957699850308	0.413029790722673
X1941bdf9450a85f4069a80e526137af7	entacapone	entacapone	-0.0121379060896995	0.00514891484810072	184	179	0.0195564148390553	0.413029790722673
Xc5a684b3dfddaa1e68d4563ea771ed15	Age	Age	0.0121883930223375	0.00514694844929729	184	162	0.0190175633656987	0.413029790722673
X182071d231a63cae957730240a214721	entacapone	entacapone	0.00234813125508161	0.000998514147471815	184	65	0.0198510442052757	0.413029790722673
X570cad8230542ad8f2c032a719120bee	entacapone	entacapone	-0.00437929665459246	0.00183738302644635	184	70	0.0182675599795366	0.413029790722673
X76d6be90e19a660c9a84b35fa31d801c	Tert_combine	Combine High	-0.0851969338840677	0.0361633156794544	184	184	0.0196318166376762	0.413029790722673
X6be7c1afdd690efab2c28453f0d304da	entacapone	entacapone	-0.0152819055296265	0.00665914006933353	184	171	0.0229772039151255	0.463134266414248
X269fea3886e14ab0acb08ade901906fd	Sex	Male	0.00427644431742148	0.00187441731292789	184	28	0.0237753637781878	0.464700292028216
X4c089330a0f8ccdd7dd92492808e9247	Age	Age	0.00391454016841233	0.00173260968925464	184	126	0.0251480859312188	0.465146346661004
X988ee95161bcfd6129fddab0fda16d68	Age	Age	0.00198784825208287	0.000880405101238907	184	22	0.0252404994312173	0.465146346661004
X77be5efca77e4204775e4e828a1580db	entacapone	entacapone	0.0032760734388279	0.00146380637792347	184	64	0.0265317911709918	0.469251530184275
X0b2e7a7da00f71987193e385a9a4a4d1	Age	Age	0.004375477663588	0.00196009376717594	184	161	0.0269183048322763	0.469251530184275
Xec65ab01e974afdd946f7c025b3ceba5	entacapone	entacapone	0.00569895978186072	0.00261173363019708	184	53	0.0304936979409134	0.51759039926024
X79a123f051e7c2965a46226b1d95246e	entacapone	entacapone	0.00579803132243738	0.00278031793234144	184	159	0.0385460661033877	0.528983247589045
Xd926c5000a193dc8473f190e75b9fcd0	Tert_combine	Combine Medium	0.0068579240430181	0.00321907353638527	184	38	0.0345937886281269	0.528983247589045
Xd926c5000a193dc8473f190e75b9fcd0	Sex	Male	0.00594178289703554	0.00283481741307388	184	38	0.037580592704939	0.528983247589045
Xc44642d31840ae8b6896c0bc0f5a8802	entacapone	entacapone	0.00588547625455809	0.00279995250235132	184	167	0.037045179099318	0.528983247589045
X93f6e99ff381954b541d29cc24c2be7c	Tert_combine	Combine High	-0.00809315059851964	0.00385046329921086	184	28	0.0370564952391306	0.528983247589045
Xa55f549b9a40506a070a2fb7e8ca0726	Sex	Male	0.0980868292266919	0.0469671623806776	184	106	0.0382685247741658	0.528983247589045
Xf9fecdd58f0cedd3463e687ffd85ef48	Age	Age	0.00175366217687602	0.000836929687970054	184	35	0.0376391058462321	0.528983247589045
X4661cd41d2df6a4bf70276894e6cc779	Age	Age	0.00191070319517858	0.000913793445505795	184	37	0.0380366766614286	0.528983247589045
X4a21bd45b5ff48f40bbcadf6930fc3ee	entacapone	entacapone	-0.0116176002916947	0.00548660159537112	184	172	0.035693563715306	0.528983247589045
Xff241ad98176a2c70cdb70878176ca2e	entacapone	entacapone	-0.0051553569738617	0.00248611961980663	184	119	0.0396371688854186	0.532624456897813
X1131f697b19dc061094f3b846b9f66a0	entacapone	entacapone	-0.00202459043118475	0.00098666687215458	184	66	0.0417264449656285	0.54244760744091
X6e373fe39ea68760cf9b2bf171476a55	Age	Age	0.0101298371618199	0.00494459392225482	184	120	0.0420502021272023	0.54244760744091
Xa3d1f4355f204d4d49ad2bea3b801265	Age	Age	0.0029972806111965	0.00150278110575052	184	25	0.047716012087075	0.559902936803531
X8c3c2cadc6f0966f44b3f2371d81abd3	entacapone	entacapone	0.00314291052374963	0.00160653183131173	184	79	0.0520839941212587	0.559902936803531
X194d511e554b455dac7747ef6442339f	Tert_combine	Combine Medium	0.00494164338538399	0.00246532274634059	184	72	0.0466270700132587	0.559902936803531
X194d511e554b455dac7747ef6442339f	Age	Age	0.00195452261767822	0.000990909323848174	184	72	0.0501990016717581	0.559902936803531
X5fe7ab4157717cdcf56706e5c043b959	Age	Age	0.00598813749231142	0.00303249822492256	184	145	0.0499461352229458	0.559902936803531
Xa55f549b9a40506a070a2fb7e8ca0726	Age	Age	-0.0428071793618017	0.0214368150152543	184	106	0.0474507688300257	0.559902936803531
X278651ccb0f0d07cd2ab0837262dfc39	Age	Age	0.0112485730835431	0.00574405914808204	184	121	0.0518511608883481	0.559902936803531
X96c7cedbae877361d087a8b39206d408	Sex	Male	-0.0433181137535671	0.0221146691349951	184	180	0.0517922017293091	0.559902936803531
X4661cd41d2df6a4bf70276894e6cc779	Tert_combine	Combine Medium	0.00451345961815388	0.00227346308329575	184	37	0.0487408022513044	0.559902936803531
X4c8288bfbd76958c0c094d87b97650f8	entacapone	entacapone	0.0166902281979805	0.00824490184519181	184	91	0.0445223680295689	0.559902936803531
Xd4dcc0bc5f5a6e517ddf472187dbc2e7	Tert_combine	Combine High	0.0313482480683883	0.0163924356484142	184	151	0.0575314900283754	0.566023664407792
X94adac1e5690b5aef26d6014e471f458	Sex	Male	-0.00848132845940177	0.00444429079851131	184	86	0.0580493739969377	0.566023664407792
Xe52994cd67774b8f72113d04a0b2c493	Age	Age	0.00187628024402236	0.000967038004832714	184	64	0.0540255948299424	0.566023664407792
Xde021ed367003d69832c2a5461985f38	Age	Age	0.00389849523986605	0.00203607271458217	184	154	0.0572283913134723	0.566023664407792
X0b2e7a7da00f71987193e385a9a4a4d1	Sex	Male	0.00815256577713642	0.00429448321398478	184	161	0.0593604722996181	0.566023664407792
X570cad8230542ad8f2c032a719120bee	Tert_combine	Combine High	-0.00895853592099974	0.00472491026771241	184	70	0.0596738126817517	0.566023664407792
X9f185911874fb5d5b2623b647359f33b	Tert_combine	Combine High	-0.00839589223728872	0.00439079752073114	184	54	0.057557842652678	0.566023664407792
X94a45fbb634a4ae23f34d8160d95c8b7	Tert_combine	Combine Medium	-0.0105055502373488	0.0054697143151374	184	155	0.0564661251626766	0.566023664407792
X7ba07d9f4e22c332b04d5646fe2ea051	Age	Age	0.00258405272835478	0.00137685473082576	184	27	0.0622822498884754	0.582203640261835
Xce7e172e3d64bc42dddb2f4aa26e3a03	entacapone	entacapone	0.00678259922446334	0.00362682622162838	184	81	0.063206887648411	0.582406321903216
Xd3f1d99ffce8ccadfd2ee75f7b86b0c5	Age	Age	0.00450994635298321	0.00243961539962807	184	147	0.0662688709705891	0.588770425537706
Xd4dcc0bc5f5a6e517ddf472187dbc2e7	Age	Age	0.0116670704988318	0.00631981661655167	184	151	0.0666360326577559	0.588770425537706
X93f6e99ff381954b541d29cc24c2be7c	Sex	Male	-0.00602397073623642	0.00325243060541648	184	28	0.0657598683993422	0.588770425537706
X8c3c2cadc6f0966f44b3f2371d81abd3	Sex	Male	-0.00639780420228409	0.00348962091212973	184	79	0.0685156559471822	0.593123756773454
X57188cc28844564b611d3dd0d6e30de7	Age	Age	0.00480504628046325	0.0026251892458923	184	67	0.0689678786945877	0.593123756773454
X960b9cea75175246a62496526868a249	Sex	Male	-0.00891485158795004	0.00489044047279216	184	84	0.0700941250329398	0.594877771661134
X84311c29ab5cf09c0720c450dc7c1a43	Age	Age	0.0133148597869264	0.00734127343278583	184	56	0.0715085786357255	0.599000431429129
X9c19eb9efc671777c92ee43ca21be172	Tert_combine	Combine Medium	-0.00492482761712454	0.00273663479678685	184	37	0.0737195043568768	0.60271979471259
X1941bdf9450a85f4069a80e526137af7	Sex	Male	-0.0200786409432698	0.011184192294551	184	179	0.0744082277925215	0.60271979471259
X5fe7ab4157717cdcf56706e5c043b959	Tert_combine	Combine Medium	0.0135283506275348	0.00754467303133837	184	145	0.0747559435302437	0.60271979471259
X93f6e99ff381954b541d29cc24c2be7c	entacapone	entacapone	0.00265622018327449	0.00149733550672275	184	28	0.0778804410676578	0.607002647597085
Xa0ac269acfcd16c66700762ee6340b07	entacapone	entacapone	-0.00421120672777952	0.00236634904916004	184	97	0.0769456922155417	0.607002647597085
X0b3590ab4de6582222af6f3565ceca0c	Age	Age	0.00237327420368511	0.00133888033224869	184	30	0.0781104182179194	0.607002647597085
X9c19eb9efc671777c92ee43ca21be172	Age	Age	0.00191713516377361	0.00109996021418642	184	37	0.0831784482355246	0.616667805884062
X5fe7ab4157717cdcf56706e5c043b959	Tert_combine	Combine High	0.0138275452068807	0.00786573962854909	184	145	0.0805778630532148	0.616667805884062
X959a41695798ad7798d39740d7e9ae19	Sex	Male	0.0128518582263238	0.0073602901750039	184	61	0.0826201759635612	0.616667805884062
X4c8288bfbd76958c0c094d87b97650f8	Tert_combine	Combine Medium	-0.0356069449109809	0.0203366873361354	184	91	0.0817931266014247	0.616667805884062
X960b9cea75175246a62496526868a249	Tert_combine	Combine Medium	-0.0096107051549181	0.00555333385304783	184	84	0.0853559150202537	0.618590620090603
X6ca83bb8d84d22ff21607c96e42f4295	Tert_combine	Combine High	0.00436012641165288	0.00251652744701129	184	28	0.0850025860401119	0.618590620090603
Xf3270b7f9b020567e59ec30f7d15fc14	Sex	Male	0.0147984405087514	0.00858487853136589	184	44	0.0865872155026485	0.620541711102315
Xd3f1d99ffce8ccadfd2ee75f7b86b0c5	Tert_combine	Combine High	-0.0108460228138617	0.0063279112151049	184	147	0.0883735396063069	0.62171812547854
X059d6e79cba765d062053442b8ada21c	Age	Age	0.0113832290811637	0.0066477633310795	184	124	0.0886791744868614	0.62171812547854
X7a6db5f059c69a310d7c97e1b488fe74	Tert_combine	Combine Medium	-0.0119494319213709	0.00700206831549594	184	146	0.0897520549133784	0.622473929237947
X5b73138c8555560a7cd45cb7bd7ca6da	entacapone	entacapone	0.00259931521630973	0.00153318854662627	184	26	0.0918586110123372	0.625209048426122
X18f3b811ae49dad2e01b20f5f39d10a7	Tert_combine	Combine Medium	-0.01289874199643	0.00761358283222912	184	135	0.0920850536441575	0.625209048426122
Xd3f1d99ffce8ccadfd2ee75f7b86b0c5	entacapone	entacapone	-0.00410083588940464	0.00246074443761287	184	147	0.0974767575028737	0.628090326291762
Xcbd66fa79a3e7fa1c33d29ed908de048	Sex	Male	0.00673588519461372	0.00420440093358737	184	19	0.111011313484125	0.628090326291762
X9c19eb9efc671777c92ee43ca21be172	Sex	Male	-0.00388756067775102	0.00240996668372685	184	37	0.108595714173412	0.628090326291762
Xcb645d9e303b0e2d761969abb610d210	Sex	Male	0.0101931362936298	0.00634179901967179	184	20	0.109867668227766	0.628090326291762
X2487d88c9966a6b0e2b87711d51811a8	Age	Age	0.0015783048955704	0.000940614517966201	184	24	0.0952160280323399	0.628090326291762
X74fafaec802530941890c1f49dfbf3e4	Tert_combine	Combine High	-0.0171038271289118	0.0104745936787573	184	47	0.104365599584755	0.628090326291762
X74fafaec802530941890c1f49dfbf3e4	Age	Age	0.00655164669566839	0.00403829623629124	184	47	0.106597344230909	0.628090326291762
X74fafaec802530941890c1f49dfbf3e4	Sex	Male	-0.0145924154536804	0.00884773763901979	184	47	0.100958452226031	0.628090326291762
Xc43bbd203d077ba15c26090580d64d32	Tert_combine	Combine High	-0.00973702031250283	0.00578497842682908	184	113	0.0942023115365094	0.628090326291762
Xc43bbd203d077ba15c26090580d64d32	entacapone	entacapone	0.00373016905705565	0.00224961334026778	184	113	0.0991556344859686	0.628090326291762
Xa3d1f4355f204d4d49ad2bea3b801265	Sex	Male	-0.00541881581295822	0.00329253035799271	184	25	0.101676425218274	0.628090326291762
Xc2f27e09022e99cda9f6629948f66252	entacapone	entacapone	-0.00148649972422338	0.000899301198578138	184	28	0.100208631197571	0.628090326291762
X2a7ee151e83dbc4a4ac13f84a434c8c7	Age	Age	0.00130160602190734	0.000809050773436989	184	25	0.10953625744991	0.628090326291762
X86b5603a79c587d59312beef52df3409	Sex	Male	0.00918679633214535	0.00567731742303252	184	172	0.10750449146227	0.628090326291762
X1300fb2208dcbb54d400995de3bc2eaa	Tert_combine	Combine High	-0.0165807569446203	0.0100614496760516	184	172	0.101232089665801	0.628090326291762
X1300fb2208dcbb54d400995de3bc2eaa	Tert_combine	Combine Medium	-0.0154806020677338	0.00965075779416273	184	172	0.11057438031649	0.628090326291762
X7a6db5f059c69a310d7c97e1b488fe74	Tert_combine	Combine High	-0.0119058683926363	0.00730004415065211	184	146	0.104778147764306	0.628090326291762
X9f79ff73dcbc3e304545d60cdbbca33b	Tert_combine	Combine High	0.00480390379851736	0.00291489127621074	184	57	0.101210141944122	0.628090326291762
Xf247c06edb93b0f02277e395b87328aa	Sex	Male	-0.0132849842435951	0.00822101755904514	184	149	0.107975384952767	0.628090326291762
X86486b103104c344caa9a990b454797c	Tert_combine	Combine High	-0.010908270195434	0.00685123023108405	184	111	0.113228074465846	0.635061808960617
X80a9a51ced500bf3bfbca440e0971948	Age	Age	0.00125673640633021	0.000797534166824945	184	54	0.116958308532455	0.650328525891669
Xc43bbd203d077ba15c26090580d64d32	Age	Age	0.00347297887657387	0.00223029716708414	184	113	0.121309063984034	0.657515514871447
X84b17f815f1e8767da103f96068901ec	Age	Age	0.00451715980891062	0.00290013251248398	184	131	0.121216992140202	0.657515514871447
X0029d1a452fe37b0ff76a9c1da5ccf21	Age	Age	0.00338942172445007	0.00217415311205882	184	84	0.120887215466053	0.657515514871447
Xfbbeae3dceada6928b2cdc472f5d9901	Sex	Male	-0.0416387180583862	0.027277617412223	184	147	0.128770994142255	0.670140744874588
X6e373fe39ea68760cf9b2bf171476a55	Tert_combine	Combine Medium	0.0187242464415984	0.0123018520207405	184	120	0.129872237378796	0.670140744874588
X182071d231a63cae957730240a214721	Age	Age	0.00150992129829443	0.000989940464228725	184	65	0.129073411118304	0.670140744874588
X96c7cedbae877361d087a8b39206d408	entacapone	entacapone	-0.0155208166873577	0.0101810256182279	184	180	0.129267963125852	0.670140744874588
Xe0565865ef72ba498c2938b247ff36dc	Tert_combine	Combine Medium	-0.00565060562431871	0.00367379335700218	184	27	0.125909196556753	0.670140744874588
Xf857e38c09d5f11ed7357057fffcc3a0	Age	Age	0.00372388748405285	0.00242103130674763	184	65	0.125895457544935	0.670140744874588
Xc00514d54b15725f03c323c54796a7c0	Age	Age	0.0049041619156721	0.00323344751005878	184	106	0.131222464813857	0.671734046070936
X988ee95161bcfd6129fddab0fda16d68	Tert_combine	Combine Medium	0.00329588921543357	0.00219039489269265	184	22	0.134278695586935	0.676951074158805
Xa75f6c6ef715f88994d61a440132c65b	Sex	Male	-0.0298933321816707	0.019869810706132	184	161	0.134340678282678	0.676951074158805
X1f9695def389854178788b2e4a8792ee	Age	Age	0.000818702958454898	0.000547642673133208	184	28	0.136801332240909	0.678745071502972
Xa55f549b9a40506a070a2fb7e8ca0726	entacapone	entacapone	-0.032362033809958	0.0216224751315166	184	106	0.136351575407825	0.678745071502972
Xcb645d9e303b0e2d761969abb610d210	Age	Age	-0.00428638234267226	0.00289453238300286	184	20	0.140518271261714	0.689452389458372
X94a45fbb634a4ae23f34d8160d95c8b7	entacapone	entacapone	-0.00327902977601678	0.00221753213314231	184	155	0.141097233191481	0.689452389458372
X1131f697b19dc061094f3b846b9f66a0	Age	Age	0.00144024072459397	0.000978194914847092	184	66	0.14279855946244	0.692519329723861
Xecb427bf4473bf2f3205b06132125d07	Tert_combine	Combine High	0.00228781221643938	0.00156555465378867	184	23	0.145789216968005	0.696548481069357
X1703aefcb845a13faff8f80ea8265820	Tert_combine	Combine Medium	0.00385159475749579	0.00263214487209272	184	61	0.145256109875223	0.696548481069357
Xa49ea569715664c78018691088f7aaac	Tert_combine	Combine Medium	0.0142356936420641	0.0098061781161365	184	120	0.148448078489366	0.702795224485706
Xe0565865ef72ba498c2938b247ff36dc	Age	Age	0.00213925915732308	0.00147664077522855	184	27	0.149275884890762	0.702795224485706
X9f185911874fb5d5b2623b647359f33b	Age	Age	0.00244397151149611	0.00169279512371396	184	54	0.150671751993647	0.704226666926826
X4a21bd45b5ff48f40bbcadf6930fc3ee	Age	Age	-0.00779865194345218	0.00543949121212933	184	172	0.153513630420946	0.712347421737485
X0029d1a452fe37b0ff76a9c1da5ccf21	Tert_combine	Combine Medium	0.00772839503734806	0.00540916206174184	184	84	0.15492981331889	0.7137837827906
Xd3f1d99ffce8ccadfd2ee75f7b86b0c5	Tert_combine	Combine Medium	-0.00794653523481658	0.00606961625274545	184	147	0.192243632679643	0.742524284428494
X79a123f051e7c2965a46226b1d95246e	Tert_combine	Combine High	-0.00936602968857893	0.007149708338948	184	159	0.191988401499708	0.742524284428494
X84311c29ab5cf09c0720c450dc7c1a43	Tert_combine	Combine High	0.0253491954409588	0.0190419057428311	184	56	0.184916323805948	0.742524284428494
Xfc4575c432e5f43c1eaf202f1c5816c4	entacapone	entacapone	-0.00226325329269371	0.00163681842346581	184	69	0.168587468957862	0.742524284428494
X9c19eb9efc671777c92ee43ca21be172	Tert_combine	Combine High	-0.00375806305080535	0.00285309339192585	184	37	0.189569013077615	0.742524284428494
X9228756628ca33af7e8809e0968c79f8	Tert_combine	Combine Medium	-0.00240474637466806	0.00182738159498142	184	20	0.18998297863745	0.742524284428494
X40f29bc827ddfc03d7fb5b76fb311557	Tert_combine	Combine High	-0.010493640406969	0.00799484144623872	184	153	0.191124454306683	0.742524284428494
X40f29bc827ddfc03d7fb5b76fb311557	Tert_combine	Combine Medium	-0.0103475294665981	0.00766850512446848	184	153	0.179038878271194	0.742524284428494
X8ac938c2111c4dea67b9a99a3f7900bc	Tert_combine	Combine Medium	-0.00319267429035369	0.00235446661841595	184	29	0.17691660381318	0.742524284428494
Xce7e172e3d64bc42dddb2f4aa26e3a03	Age	Age	0.00500072550787672	0.00359568469070395	184	81	0.166138360482904	0.742524284428494
Xfbbeae3dceada6928b2cdc472f5d9901	Age	Age	0.0164015162625203	0.0124500865899293	184	147	0.189504563262343	0.742524284428494
Xc2f27e09022e99cda9f6629948f66252	Age	Age	0.00119254278284028	0.000891579401509702	184	28	0.182847194432491	0.742524284428494
X194d511e554b455dac7747ef6442339f	entacapone	entacapone	-0.00135090051430786	0.00099949139819738	184	72	0.178324231892847	0.742524284428494
X0bc4e35da130d9cb9fc1090c80011153	Tert_combine	Combine Medium	0.0210088145074242	0.0156840572497151	184	179	0.182216792300532	0.742524284428494
Xf3e1ff3be3a6f13f24666ea97d99cd0b	Age	Age	0.00397022205201043	0.00283247976296845	184	160	0.162856481354271	0.742524284428494
X5fe7ab4157717cdcf56706e5c043b959	entacapone	entacapone	-0.00413987425811488	0.00305876210659546	184	145	0.177730899970069	0.742524284428494
X00dcba6e262a3194c68f52e6af48a071	entacapone	entacapone	-0.0046838837876946	0.00358552460245559	184	160	0.193225477147683	0.742524284428494
X970c4c927d69ee41accb2c1a29f9a023	entacapone	entacapone	-0.00342647725555302	0.00264449308112717	184	35	0.196855275406624	0.742524284428494
X0b3590ab4de6582222af6f3565ceca0c	entacapone	entacapone	-0.00181263145463801	0.00135047611632248	184	30	0.18133681825248	0.742524284428494
X0029d1a452fe37b0ff76a9c1da5ccf21	entacapone	entacapone	-0.00289276508570454	0.00219298303242105	184	84	0.18893060433432	0.742524284428494
Xc71265e180d7e06bd350017b893ea44a	Age	Age	0.00364299463421921	0.00271626806219578	184	95	0.181673542304641	0.742524284428494
X6ca83bb8d84d22ff21607c96e42f4295	Age	Age	0.00125879002658946	0.000970203105672633	184	28	0.196255171503419	0.742524284428494
Xdc04cb67b3295173275e20a8a7a3d16a	Tert_combine	Combine High	0.00255671324948022	0.00185742239549394	184	23	0.17050344961783	0.742524284428494
Xdd887bed9045e6e59c223bf9074e8f71	Sex	Male	0.0024472765363903	0.00188610677575285	184	32	0.196228380950556	0.742524284428494
X0b2e7a7da00f71987193e385a9a4a4d1	Tert_combine	Combine High	-0.00674143304732625	0.00508412077324186	184	161	0.186646939682447	0.742524284428494
X76aa915543cd876d620ebeafeb9fd767	Age	Age	0.00608586480867687	0.00460829923680976	184	173	0.188420490603257	0.742524284428494
X76aa915543cd876d620ebeafeb9fd767	Sex	Male	0.0137708599431042	0.0100965903003772	184	173	0.174419865928262	0.742524284428494
Xede2e1cdf233330f3e67603862d90fd5	Age	Age	0.000941265603265826	0.000700546606707675	184	24	0.180884561152258	0.742524284428494
X2132a94c12039eca49c517950714e48a	Age	Age	0.00183754075506855	0.00134861163196512	184	24	0.174850486320277	0.742524284428494
Xf247c06edb93b0f02277e395b87328aa	Tert_combine	Combine High	0.0131276400012564	0.00973263698249389	184	149	0.17920797015035	0.742524284428494
Xa9625534f57e5ed4661782588cc20467	Tert_combine	Combine High	-0.00366355837187411	0.00282028759905479	184	97	0.195723337280112	0.742524284428494
X960b9cea75175246a62496526868a249	Tert_combine	Combine High	-0.00744098185162635	0.00578965821010972	184	84	0.20048454831386	0.745065432397749
X970d6f0c54e1e999cbdcdefc80299e2b	Age	Age	-0.00700232321189847	0.00550091647168174	184	79	0.204798904695606	0.745065432397749
X3d514b698192fb4c2a0445c3498b2cfb	Age	Age	0.00344143176220967	0.00270149405561586	184	153	0.204458582386849	0.745065432397749
Xc5a684b3dfddaa1e68d4563ea771ed15	Sex	Male	-0.0143286406695819	0.0112767481275135	184	162	0.205614956537673	0.745065432397749
X264be41ad2f4137d7cd5fefe393e1b92	Sex	Male	-0.00466346824410399	0.00361409192145212	184	50	0.198699928855704	0.745065432397749
X4661cd41d2df6a4bf70276894e6cc779	Tert_combine	Combine High	0.0030120981027089	0.00237021121976317	184	37	0.205551641537309	0.745065432397749
X76d6be90e19a660c9a84b35fa31d801c	Age	Age	-0.0178641949972176	0.0139421333255457	184	184	0.201850546481392	0.745065432397749
X94adac1e5690b5aef26d6014e471f458	Tert_combine	Combine Medium	-0.00638683391702274	0.0050467091219026	184	86	0.207428610418718	0.747438288938955
Xd039ffee9e93545befc0b24c6b1adb8a	entacapone	entacapone	-0.00214681892755566	0.00171804520996008	184	97	0.213194463320257	0.759412710335352
Xc5a684b3dfddaa1e68d4563ea771ed15	entacapone	entacapone	-0.00646300015228186	0.00519152517614841	184	162	0.214897274496913	0.759412710335352
X264be41ad2f4137d7cd5fefe393e1b92	entacapone	entacapone	-0.00206976120448001	0.00166383508676187	184	50	0.215243420909005	0.759412710335352
Xc6faae06a70c97500e4f329b617e70b7	Age	Age	-0.0060563298647972	0.00488343353444182	184	118	0.216638664653806	0.759412710335352
X959a41695798ad7798d39740d7e9ae19	Tert_combine	Combine Medium	0.0103731331842012	0.00835796874013841	184	61	0.216296440524623	0.759412710335352
X1f9695def389854178788b2e4a8792ee	Sex	Male	0.00146709573428376	0.00119986212211715	184	28	0.223147888910195	0.761445464005856
X74fafaec802530941890c1f49dfbf3e4	Tert_combine	Combine Medium	0.0123797434130017	0.0100470379359512	184	47	0.219604164265517	0.761445464005856
X68ee03666c1dd76a9a1ca298d04bc99e	Age	Age	0.00596047872847505	0.00487464102495951	184	19	0.223135801972211	0.761445464005856
X9c804f3d76b861e98e017e380f2f04df	Sex	Male	-0.00618886445975979	0.00508723049589733	184	137	0.225482300193982	0.761445464005856
X7bf7ea59cac793e65c0bc293eabf44dc	Age	Age	0.00442173293564622	0.00362263018293408	184	23	0.223953089815179	0.761445464005856
X959a41695798ad7798d39740d7e9ae19	Tert_combine	Combine High	0.0107269535027459	0.00871364546354889	184	61	0.220023935808225	0.761445464005856
X5d1a7a11e80c627fbc98743087f309f0	Age	Age	0.00432048189098283	0.00354461666635685	184	175	0.224596372346602	0.761445464005856
Xce7e172e3d64bc42dddb2f4aa26e3a03	Sex	Male	0.00947298753496422	0.00787799431108752	184	81	0.230876681647741	0.775004922469364
X3d846e34d0ebbaa6096f5b1e5e8afa03	Tert_combine	Combine High	0.0199441784454566	0.0166227189705986	184	170	0.231900697731143	0.775004922469364
X9d2a55480c1cd54eacfb0243d4562261	Age	Age	0.00151569298522769	0.00127466646613146	184	27	0.236082267365317	0.778346175200923
Xec65ab01e974afdd946f7c025b3ceba5	Tert_combine	Combine Medium	-0.00763322572838237	0.00644204276046807	184	53	0.237727436456716	0.778346175200923
X1300fb2208dcbb54d400995de3bc2eaa	entacapone	entacapone	-0.00464501331351894	0.0039126112050318	184	172	0.236828571512015	0.778346175200923
Xac4a57c0c6ca41f976c5c914e25ed371	Sex	Male	0.00597937708123497	0.00503347829250694	184	54	0.2365410520517	0.778346175200923
Xe52994cd67774b8f72113d04a0b2c493	Tert_combine	Combine Medium	-0.00284089930776443	0.00240593234165107	184	64	0.239355421668287	0.778373228569574
X7d0ccb9242c92ba67eae0552bf7c6f94	entacapone	entacapone	-0.00233423435540561	0.00198019788820936	184	102	0.240149259667202	0.778373228569574
Xa49ea569715664c78018691088f7aaac	Tert_combine	Combine High	0.0119738284861434	0.0102234839723761	184	120	0.243173561163373	0.782019416508473
X86486b103104c344caa9a990b454797c	Sex	Male	-0.00677035702882293	0.00578713499045665	184	111	0.24369907398171	0.782019416508473
X80a9a51ced500bf3bfbca440e0971948	Sex	Male	0.00202172896706071	0.00174736390134219	184	54	0.248908062148283	0.790865517663263
Xde021ed367003d69832c2a5461985f38	Sex	Male	-0.00516700064230991	0.00446094990028132	184	154	0.248396291265077	0.790865517663263
Xc6b61011752152bbbc32003f5d0c5398	Tert_combine	Combine Medium	0.00885256914370613	0.00768023225068644	184	99	0.250694217699295	0.792636129490419
Xd3f1d99ffce8ccadfd2ee75f7b86b0c5	Sex	Male	-0.00552188454871549	0.00534509499378512	184	147	0.303053611189444	0.800459428141441
X84311c29ab5cf09c0720c450dc7c1a43	Sex	Male	0.0166303003150572	0.016084422109966	184	56	0.302651053361223	0.800459428141441
Xd926c5000a193dc8473f190e75b9fcd0	Tert_combine	Combine High	0.00372340972295689	0.00335606250624589	184	38	0.268818327755492	0.800459428141441
X630532cabb74720c1204579e6fe741b4	Tert_combine	Combine High	0.00245885140431698	0.00236497551271756	184	26	0.299975975849568	0.800459428141441
Xd4dcc0bc5f5a6e517ddf472187dbc2e7	Tert_combine	Combine Medium	0.0166503103916574	0.0157233232976152	184	151	0.291139907134128	0.800459428141441
Xa81bf36dba92ea8defbda21f3633f8fe	Tert_combine	Combine High	-0.00161986009884482	0.00157019901440316	184	20	0.303729615457933	0.800459428141441
X9f05e4992392a05c38e1c790e07f3e5c	Tert_combine	Combine High	-0.00538824124940683	0.00494605338978031	184	131	0.277536771355747	0.800459428141441
X9228756628ca33af7e8809e0968c79f8	Age	Age	0.000778201698511127	0.00073449590459645	184	20	0.290890998370109	0.800459428141441
Xc43bbd203d077ba15c26090580d64d32	Tert_combine	Combine Medium	-0.00624270658576052	0.00554884509084907	184	113	0.262174259346448	0.800459428141441
X93f6e99ff381954b541d29cc24c2be7c	Age	Age	-0.00165848431098017	0.00148447872309502	184	28	0.265496908721893	0.800459428141441
X8ac938c2111c4dea67b9a99a3f7900bc	Age	Age	-0.00100463693547878	0.000946351924242265	184	29	0.289945939930218	0.800459428141441
X8c3c2cadc6f0966f44b3f2371d81abd3	Tert_combine	Combine High	-0.00448778705651266	0.00413126639133741	184	79	0.278903294719537	0.800459428141441
Xc00514d54b15725f03c323c54796a7c0	entacapone	entacapone	-0.00348101912180948	0.00326145177469504	184	106	0.287357809429102	0.800459428141441
Xfbbeae3dceada6928b2cdc472f5d9901	Tert_combine	Combine High	-0.0362153230826047	0.0322932223552332	184	147	0.263695580761225	0.800459428141441
X94adac1e5690b5aef26d6014e471f458	Age	Age	0.00226398477768712	0.00202846914509101	184	86	0.265970971878517	0.800459428141441
X3d846e34d0ebbaa6096f5b1e5e8afa03	Sex	Male	-0.014968846367881	0.0140409700661975	184	170	0.287915594451082	0.800459428141441
X970d6f0c54e1e999cbdcdefc80299e2b	entacapone	entacapone	0.00580832205791388	0.00554855884723777	184	79	0.296688041004613	0.800459428141441
X86b5603a79c587d59312beef52df3409	Age	Age	0.00277531163847967	0.00259124880472867	184	172	0.285691074460099	0.800459428141441
X9d2a55480c1cd54eacfb0243d4562261	Tert_combine	Combine High	-0.00367653903040559	0.00330624910294511	184	27	0.267728192827758	0.800459428141441
X9d2a55480c1cd54eacfb0243d4562261	entacapone	entacapone	-0.00133708621557994	0.00128570610630792	184	27	0.299851659271938	0.800459428141441
X9c804f3d76b861e98e017e380f2f04df	Tert_combine	Combine Medium	-0.00658318400671931	0.00577679852935501	184	137	0.256079190081369	0.800459428141441
X9c804f3d76b861e98e017e380f2f04df	entacapone	entacapone	-0.00246352094026845	0.00234203024645761	184	137	0.294367940667827	0.800459428141441
X00dcba6e262a3194c68f52e6af48a071	Tert_combine	Combine Medium	0.00907079472569571	0.00884397342082173	184	160	0.30653252519525	0.800459428141441
X269fea3886e14ab0acb08ade901906fd	Age	Age	0.00093832651508513	0.000855524054720325	184	28	0.274304734435536	0.800459428141441
X269fea3886e14ab0acb08ade901906fd	entacapone	entacapone	0.000965873585639451	0.000862933583391053	184	28	0.26461385952828	0.800459428141441
X278651ccb0f0d07cd2ab0837262dfc39	Sex	Male	-0.012945751002311	0.0125849926185495	184	121	0.305115493737929	0.800459428141441
X84b17f815f1e8767da103f96068901ec	entacapone	entacapone	-0.00303800882852768	0.00292525000027593	184	131	0.300508006848008	0.800459428141441
X1300fb2208dcbb54d400995de3bc2eaa	Age	Age	-0.00412705741113396	0.00387901579808615	184	172	0.288880699736494	0.800459428141441
Xf9fecdd58f0cedd3463e687ffd85ef48	Tert_combine	Combine Medium	-0.00232021046080579	0.0020822306816405	184	35	0.266746045921252	0.800459428141441
X5c7f516ff4d244a8f63e883a44267f20	Age	Age	0.000932193968422522	0.000893297729555878	184	43	0.298196475126994	0.800459428141441
X80a9a51ced500bf3bfbca440e0971948	entacapone	entacapone	-0.00086243027202379	0.000804441456272121	184	54	0.285219130345968	0.800459428141441
X1d25e5714547bb8a8f93b8364d36889e	Tert_combine	Combine High	-0.0153815008755677	0.0144746446705958	184	132	0.289465203927432	0.800459428141441
X1d25e5714547bb8a8f93b8364d36889e	entacapone	entacapone	0.00626957620147825	0.0056287770401344	184	132	0.266937404714744	0.800459428141441
Xc6b61011752152bbbc32003f5d0c5398	entacapone	entacapone	-0.00341936293411929	0.00311372053907083	184	99	0.273706066985712	0.800459428141441
X6ca83bb8d84d22ff21607c96e42f4295	Tert_combine	Combine Medium	0.00263270195112493	0.00241380692200602	184	28	0.276973544771794	0.800459428141441
Xdc04cb67b3295173275e20a8a7a3d16a	Sex	Male	0.00167243095060672	0.00156893780743958	184	23	0.287969526858249	0.800459428141441
Xe0565865ef72ba498c2938b247ff36dc	Tert_combine	Combine High	-0.00393056674941675	0.00383013311183166	184	27	0.306262287069092	0.800459428141441
X6be7c1afdd690efab2c28453f0d304da	Sex	Male	0.0160595197714697	0.0144646212355304	184	171	0.26847271832051	0.800459428141441
Xa75f6c6ef715f88994d61a440132c65b	Age	Age	0.00931849796638429	0.00906900555420194	184	161	0.305657286262287	0.800459428141441
X5d1a7a11e80c627fbc98743087f309f0	Sex	Male	-0.00820035574753768	0.00776610641214993	184	175	0.292522691467535	0.800459428141441
Xff241ad98176a2c70cdb70878176ca2e	Sex	Male	-0.00586349004461237	0.00540021358198027	184	119	0.279128088582442	0.800459428141441
X76d6be90e19a660c9a84b35fa31d801c	Sex	Male	-0.0315318014719728	0.0305466292155805	184	184	0.303438065374946	0.800459428141441
X1703aefcb845a13faff8f80ea8265820	Age	Age	0.00117854602898413	0.00105796163984912	184	61	0.266879809902646	0.800459428141441
X76aa915543cd876d620ebeafeb9fd767	Tert_combine	Combine High	-0.0121859910066199	0.0119530760576497	184	173	0.309438275760918	0.804789063974967
X86486b103104c344caa9a990b454797c	entacapone	entacapone	0.00270828301100008	0.0026642482975586	184	111	0.310839720112422	0.805187226797236
Xcb645d9e303b0e2d761969abb610d210	Tert_combine	Combine High	0.00757909598725758	0.00750788174713132	184	20	0.314193684196141	0.809277622046345
X855166a7ea9905b7590e5e5fb7da7866	Age	Age	0.00188062745979209	0.00187755440240178	184	144	0.317959578714685	0.809277622046345
Xf3e1ff3be3a6f13f24666ea97d99cd0b	Tert_combine	Combine High	-0.00734929629167027	0.0073469287254779	184	160	0.318593201065327	0.809277622046345
X1d25e5714547bb8a8f93b8364d36889e	Age	Age	-0.00558109811413618	0.00558044587576354	184	132	0.318692272867863	0.809277622046345
X4c8288bfbd76958c0c094d87b97650f8	Tert_combine	Combine High	-0.0213290370811163	0.0212021232502472	184	91	0.315869082526674	0.809277622046345
Xc44642d31840ae8b6896c0bc0f5a8802	Tert_combine	Combine High	-0.00712937993049247	0.00720019948864652	184	167	0.323517813119798	0.812260728841855
Xa0ac269acfcd16c66700762ee6340b07	Tert_combine	Combine Medium	0.00574888975411179	0.00583678273489614	184	97	0.326069150972673	0.812260728841855
X0bc4e35da130d9cb9fc1090c80011153	Tert_combine	Combine High	0.0159282211010139	0.0163514986180432	184	179	0.331400518734928	0.812260728841855
X988ee95161bcfd6129fddab0fda16d68	entacapone	entacapone	-0.000876081441210568	0.000888030119850005	184	22	0.325284570392944	0.812260728841855
Xa0f9d2150e3f8419a6ade2e296eafb5f	Tert_combine	Combine High	-0.0122606149998536	0.0126067919974618	184	113	0.332179940521472	0.812260728841855
Xe52994cd67774b8f72113d04a0b2c493	entacapone	entacapone	0.000956431589159235	0.000975413334296517	184	64	0.32822966923554	0.812260728841855
Xa965d63a2b3f783b281a48f774847f29	Age	Age	0.00405524212723461	0.00416085829534878	184	82	0.331151649409469	0.812260728841855
X86486b103104c344caa9a990b454797c	Tert_combine	Combine Medium	-0.00638740759061452	0.00657157424437716	184	111	0.33246020529341	0.812260728841855
Xf3270b7f9b020567e59ec30f7d15fc14	entacapone	entacapone	-0.00385084207595628	0.00395225755916472	184	44	0.331288652394972	0.812260728841855
Xede2e1cdf233330f3e67603862d90fd5	entacapone	entacapone	-0.000692911438614153	0.000706613905621062	184	24	0.328195987705632	0.812260728841855
X6f0b4058c92e83c77533a218739a0e38	Tert_combine	Combine High	-0.0101066735846543	0.0104466226949948	184	183	0.334705568999034	0.814218676291997
X68ee03666c1dd76a9a1ca298d04bc99e	entacapone	entacapone	-0.00473378520493342	0.00491685934978002	184	19	0.33704866134878	0.814218676291997
X4661cd41d2df6a4bf70276894e6cc779	entacapone	entacapone	-0.000889324654341857	0.000921707634120645	184	37	0.335998605408651	0.814218676291997
Xa49ea569715664c78018691088f7aaac	entacapone	entacapone	-0.00377586571753533	0.00397562172775075	184	120	0.343601145830383	0.81857583901591
Xc00514d54b15725f03c323c54796a7c0	Sex	Male	-0.00672381437670664	0.0070843478448763	184	106	0.343928763369475	0.81857583901591
Xfbbeae3dceada6928b2cdc472f5d9901	Tert_combine	Combine Medium	-0.0295899874608489	0.0309750659574633	184	147	0.340806615509973	0.81857583901591
X1daf7490935642942f91e007dfefa7e9	entacapone	entacapone	0.00221564372817185	0.00232295873193772	184	122	0.341553993348855	0.81857583901591
Xff241ad98176a2c70cdb70878176ca2e	Tert_combine	Combine Medium	0.00579920396068616	0.00613220609990937	184	119	0.345661736199685	0.819675808267636
Xa55f549b9a40506a070a2fb7e8ca0726	Tert_combine	Combine Medium	0.0502001313999499	0.0533335052908427	184	106	0.347928513805166	0.821564071102185
X9f79ff73dcbc3e304545d60cdbbca33b	Tert_combine	Combine Medium	0.00262575999720114	0.00279591019274143	184	57	0.349005512375192	0.821564071102185
X19563b70bb3469c665c888e4685e7f99	entacapone	entacapone	0.00204184800275756	0.0021929200049344	184	130	0.353133160070242	0.825912800682366
X570cad8230542ad8f2c032a719120bee	Sex	Male	0.00371394405903908	0.00399106330027971	184	70	0.353413849594315	0.825912800682366
Xede2e1cdf233330f3e67603862d90fd5	Tert_combine	Combine High	-0.00168111074304402	0.0018170883533384	184	24	0.35620590579655	0.829432524327706
X68ee03666c1dd76a9a1ca298d04bc99e	Tert_combine	Combine Medium	-0.0111743858225631	0.012127813423339	184	19	0.358170671648855	0.831007493573781
Xfc2bf17d11280ea7e498670124f07400	Sex	Male	-0.0017087406394903	0.00186285878075942	184	51	0.360317170655958	0.832991308505709
Xf247c06edb93b0f02277e395b87328aa	Age	Age	0.00341154598309281	0.00375224781991323	184	149	0.364546743157245	0.839759461915797
X7ba07d9f4e22c332b04d5646fe2ea051	Tert_combine	Combine Medium	-0.00309714429571362	0.00342553168551222	184	27	0.367218303125751	0.839914203957834
X264be41ad2f4137d7cd5fefe393e1b92	Tert_combine	Combine High	-0.00386957557747714	0.00427862420195862	184	50	0.367079916920109	0.839914203957834
Xf9fecdd58f0cedd3463e687ffd85ef48	Tert_combine	Combine High	-0.00195374147119584	0.00217084084629378	184	35	0.369412247494941	0.841946641817091
X960b9cea75175246a62496526868a249	Age	Age	0.00199741314339816	0.00223210137560892	184	84	0.372143421173049	0.842757254047342
Xec65ab01e974afdd946f7c025b3ceba5	Age	Age	0.00230957099432715	0.00258930813235378	184	53	0.373687712647348	0.842757254047342
X6be7c1afdd690efab2c28453f0d304da	Tert_combine	Combine Medium	0.0146817986901122	0.0164252834127483	184	171	0.372678933927154	0.842757254047342
X79a123f051e7c2965a46226b1d95246e	Tert_combine	Combine Medium	-0.00605031023010623	0.00685786896517781	184	159	0.378905728796334	0.846223770928253
X9f79ff73dcbc3e304545d60cdbbca33b	Sex	Male	0.00218264853663089	0.00246216646192999	184	57	0.376628922445575	0.846223770928253
X4a21bd45b5ff48f40bbcadf6930fc3ee	Tert_combine	Combine High	-0.0124409312407738	0.0141090343383409	184	172	0.379160728369403	0.846223770928253
Xfc2bf17d11280ea7e498670124f07400	Tert_combine	Combine Medium	0.00185168029177505	0.00211536706932499	184	51	0.382634871304305	0.851032731004402
X1e10ca4ce57e3019886b4f75360a76fa	Tert_combine	Combine Medium	-0.00121965653925366	0.00140509780333486	184	23	0.386620239641522	0.8569417682776
X7888dc681f2841bbc77d1f456dbda3d9	Tert_combine	Combine Medium	-0.0112080063283367	0.012956808172511	184	178	0.38825674581805	0.857621921413158
Xa81bf36dba92ea8defbda21f3633f8fe	Age	Age	0.000522039517461553	0.00060536274385058	184	20	0.389719741198558	0.857915471239147
X860a5e9ee39ccb39131b57de03fb5bf8	Sex	Male	-0.00221237920544133	0.00257281315637354	184	65	0.391065912329522	0.857950726029053
X1941bdf9450a85f4069a80e526137af7	Tert_combine	Combine High	-0.0113066146112449	0.0132406581987538	184	179	0.394358929147569	0.859329423311425
Xdd887bed9045e6e59c223bf9074e8f71	Tert_combine	Combine High	-0.00190849907976205	0.00223291002929772	184	32	0.393926796174327	0.859329423311425
Xec65ab01e974afdd946f7c025b3ceba5	Tert_combine	Combine High	-0.0056957632451209	0.00671618648274712	184	53	0.3976083807357	0.861912204911758
X970c4c927d69ee41accb2c1a29f9a023	Tert_combine	Combine Medium	-0.00550898832193502	0.0065228464769195	184	35	0.399553099641265	0.861912204911758
X264be41ad2f4137d7cd5fefe393e1b92	Tert_combine	Combine Medium	-0.00346876264711141	0.00410397777604842	184	50	0.399190347181994	0.861912204911758
X2487d88c9966a6b0e2b87711d51811a8	Tert_combine	Combine High	-0.00202198025612338	0.00243978012199637	184	24	0.408418874439603	0.869406514896185
X4c8288bfbd76958c0c094d87b97650f8	Age	Age	0.00678297402883497	0.00817410747841191	184	91	0.407822549939961	0.869406514896185
X4c8288bfbd76958c0c094d87b97650f8	Sex	Male	0.0148529652284498	0.0179091265648601	184	91	0.408082239481102	0.869406514896185
X76d6be90e19a660c9a84b35fa31d801c	entacapone	entacapone	0.0117075637620909	0.0140628834506144	184	184	0.406300110390167	0.869406514896185
X988ee95161bcfd6129fddab0fda16d68	Sex	Male	0.00159363655738516	0.00192893064203988	184	22	0.409875915719677	0.869638044865762
X1941bdf9450a85f4069a80e526137af7	Age	Age	0.00420004856566744	0.00510470399233565	184	179	0.411799413294746	0.870854496967578
X9c804f3d76b861e98e017e380f2f04df	Tert_combine	Combine High	-0.00491361280658973	0.00602263251565075	184	137	0.415736600343929	0.876307539940634
X9c19eb9efc671777c92ee43ca21be172	entacapone	entacapone	-0.000894964453436839	0.00110948675724351	184	37	0.421010183507262	0.877074940368206
Xcb645d9e303b0e2d761969abb610d210	Tert_combine	Combine Medium	0.0057683830094374	0.00720142232199821	184	20	0.424259506038574	0.877074940368206
Xc2f27e09022e99cda9f6629948f66252	Tert_combine	Combine Medium	0.00178060362618659	0.00221819587908871	184	28	0.423267232517461	0.877074940368206
X7bf7ea59cac793e65c0bc293eabf44dc	Tert_combine	Combine Medium	-0.00726156191272906	0.00901288581772973	184	23	0.421562443176286	0.877074940368206
X1daf7490935642942f91e007dfefa7e9	Tert_combine	Combine Medium	-0.00461558608340265	0.0057297571654795	184	122	0.421643036127355	0.877074940368206
X6e373fe39ea68760cf9b2bf171476a55	Sex	Male	-0.0087023387628529	0.0108333978479451	184	120	0.422943323814882	0.877074940368206
X860a5e9ee39ccb39131b57de03fb5bf8	entacapone	entacapone	-0.000937128370970261	0.00118445709027148	184	65	0.429949792563046	0.880373384771952
X77be5efca77e4204775e4e828a1580db	Age	Age	0.00115193780801364	0.00145123749019634	184	64	0.428453457557266	0.880373384771952
Xc71265e180d7e06bd350017b893ea44a	entacapone	entacapone	0.00217363372099305	0.0027397931354806	184	95	0.428688989119722	0.880373384771952
X80a9a51ced500bf3bfbca440e0971948	Tert_combine	Combine High	-0.00161708719451023	0.00206865614942843	184	54	0.435485871499222	0.886083240116713
Xff241ad98176a2c70cdb70878176ca2e	Tert_combine	Combine High	-0.00499955395614955	0.00639316459840423	184	119	0.435306224215906	0.886083240116713
X1f9695def389854178788b2e4a8792ee	Tert_combine	Combine High	0.00101924773934952	0.00142048382450692	184	28	0.474040185122896	0.888029363008642
X84311c29ab5cf09c0720c450dc7c1a43	Tert_combine	Combine Medium	0.0116855538521005	0.0182646463660946	184	56	0.523180089834549	0.888029363008642
Xd039ffee9e93545befc0b24c6b1adb8a	Age	Age	-0.0013189710220977	0.00170329331539273	184	97	0.439803295155088	0.888029363008642
Xd039ffee9e93545befc0b24c6b1adb8a	Sex	Male	0.00276703188264271	0.00373184419742609	184	97	0.45944676497319	0.888029363008642
X630532cabb74720c1204579e6fe741b4	Age	Age	0.000682564805408456	0.000911774910304809	184	26	0.455138433147147	0.888029363008642
X630532cabb74720c1204579e6fe741b4	entacapone	entacapone	-0.000613875895767466	0.000919671616775981	184	26	0.5053720722697	0.888029363008642
Xfc4575c432e5f43c1eaf202f1c5816c4	Tert_combine	Combine Medium	0.0025849993733868	0.00403733908893802	184	69	0.522867389692773	0.888029363008642
Xcbd66fa79a3e7fa1c33d29ed908de048	entacapone	entacapone	0.00128189413010312	0.00193559819289442	184	19	0.508703849479207	0.888029363008642
X1a9b1bbd7d800a46e40664e26298b33b	Tert_combine	Combine High	-0.00152551284449138	0.00229453915376074	184	39	0.507061249641083	0.888029363008642
Xcb645d9e303b0e2d761969abb610d210	entacapone	entacapone	0.00186815932167621	0.00291960136915454	184	20	0.523130095562076	0.888029363008642
X855166a7ea9905b7590e5e5fb7da7866	Tert_combine	Combine High	0.0036859958461982	0.00487002892412429	184	144	0.450185801371265	0.888029363008642
X960b9cea75175246a62496526868a249	entacapone	entacapone	0.00156989201480596	0.00225143317469428	184	84	0.486587866255828	0.888029363008642
X40f29bc827ddfc03d7fb5b76fb311557	Sex	Male	0.00461539690981491	0.00675312682775812	184	153	0.495266621511205	0.888029363008642
Xa3d1f4355f204d4d49ad2bea3b801265	Tert_combine	Combine Medium	0.00262740854742074	0.00373882892572849	184	25	0.483193085025427	0.888029363008642
X68ee03666c1dd76a9a1ca298d04bc99e	Tert_combine	Combine High	-0.00882376405043116	0.0126439174044213	184	19	0.486225550035375	0.888029363008642
X8ac938c2111c4dea67b9a99a3f7900bc	Sex	Male	0.00148652081549495	0.00207341736463764	184	29	0.474405199389417	0.888029363008642
X9d7e2f75c0754a3aaf6bf21a479a0046	Sex	Male	-0.00685273754629716	0.00942519341426712	184	153	0.468197463235843	0.888029363008642
Xfbbeae3dceada6928b2cdc472f5d9901	entacapone	entacapone	0.00927074399057447	0.0125579143862748	184	147	0.461399142905557	0.888029363008642
X2a7ee151e83dbc4a4ac13f84a434c8c7	Tert_combine	Combine High	0.00135746556167717	0.00209852809733932	184	25	0.51860176459558	0.888029363008642
X86b5603a79c587d59312beef52df3409	Tert_combine	Combine Medium	0.00420281531984379	0.00644687103651097	184	172	0.515346553308841	0.888029363008642
X86b5603a79c587d59312beef52df3409	entacapone	entacapone	-0.00201596302421492	0.00261369111036075	184	172	0.44160738643138	0.888029363008642
X9d2a55480c1cd54eacfb0243d4562261	Tert_combine	Combine Medium	0.00212450071752337	0.00317129343454735	184	27	0.503830981271809	0.888029363008642
X47837e1a0b06f78d52ce1faf831fec84	Tert_combine	Combine High	-0.00461286648509052	0.00648186753158856	184	163	0.477664210045211	0.888029363008642
X47837e1a0b06f78d52ce1faf831fec84	Tert_combine	Combine Medium	0.00439679062610555	0.00621728832477318	184	163	0.480429558521573	0.888029363008642
X47837e1a0b06f78d52ce1faf831fec84	Age	Age	0.00161606944771127	0.0024989705624608	184	163	0.518712496881003	0.888029363008642
X76214bb13d1e7d69ca2f7827e3ac12e2	Sex	Male	-0.0044466625546649	0.00693460973200518	184	169	0.522248684143576	0.888029363008642
Xa0f9d2150e3f8419a6ade2e296eafb5f	Age	Age	0.00368303990957855	0.00486032797418222	184	113	0.449646699091207	0.888029363008642
X1e10ca4ce57e3019886b4f75360a76fa	Age	Age	-0.000392457131639818	0.000564763585745437	184	23	0.488074707972632	0.888029363008642
X77be5efca77e4204775e4e828a1580db	Tert_combine	Combine Medium	0.0026373027616821	0.00361059151308525	184	64	0.466141650687964	0.888029363008642
X7d0ccb9242c92ba67eae0552bf7c6f94	Tert_combine	Combine Medium	-0.0032897934222186	0.00488431106547058	184	102	0.501527486914608	0.888029363008642
X0b3590ab4de6582222af6f3565ceca0c	Tert_combine	Combine Medium	-0.00217269282484789	0.00333105366785961	184	30	0.515128804720263	0.888029363008642
X84b17f815f1e8767da103f96068901ec	Sex	Male	-0.00470862987647034	0.00635406866842815	184	131	0.459702692473263	0.888029363008642
Xecb427bf4473bf2f3205b06132125d07	Tert_combine	Combine Medium	-0.000976278494217268	0.00150165127925858	184	23	0.516492012621082	0.888029363008642
Xecb427bf4473bf2f3205b06132125d07	entacapone	entacapone	-0.000437666751279546	0.000608799614143376	184	23	0.473200544986292	0.888029363008642
Xc5a684b3dfddaa1e68d4563ea771ed15	Tert_combine	Combine High	0.00966606595124024	0.0133502325083046	184	162	0.470049882747572	0.888029363008642
X5c7f516ff4d244a8f63e883a44267f20	Tert_combine	Combine High	0.00151768019515721	0.00231704912263882	184	43	0.513359966523681	0.888029363008642
X5c7f516ff4d244a8f63e883a44267f20	Tert_combine	Combine Medium	-0.001672017235949	0.00222247097582658	184	43	0.45290930400674	0.888029363008642
X0029d1a452fe37b0ff76a9c1da5ccf21	Sex	Male	-0.00358148774369649	0.00476347825840074	184	84	0.453184905469767	0.888029363008642
X059d6e79cba765d062053442b8ada21c	entacapone	entacapone	0.00447072339126472	0.00670533832587488	184	124	0.505852285702513	0.888029363008642
X1d25e5714547bb8a8f93b8364d36889e	Tert_combine	Combine Medium	-0.00953557616562876	0.0138838134036473	184	132	0.493147836682863	0.888029363008642
X1d25e5714547bb8a8f93b8364d36889e	Sex	Male	0.00890572221339331	0.0122265228028073	184	132	0.467386693935105	0.888029363008642
Xc71265e180d7e06bd350017b893ea44a	Tert_combine	Combine Medium	-0.00475478221880966	0.00675791142309987	184	95	0.482663660841056	0.888029363008642
X61d6589645d112c45ea0478e6445fa34	Tert_combine	Combine Medium	-0.00113895096381027	0.00150751688667134	184	26	0.450998248491154	0.888029363008642
X61d6589645d112c45ea0478e6445fa34	Age	Age	0.000396411033118223	0.000605929808208094	184	26	0.513865038803196	0.888029363008642
X61d6589645d112c45ea0478e6445fa34	Sex	Male	-0.000851720709948604	0.00132756678980302	184	26	0.522029853134834	0.888029363008642
Xdd887bed9045e6e59c223bf9074e8f71	entacapone	entacapone	-0.000620496969769344	0.000868315111812653	184	32	0.475848734164704	0.888029363008642
X7a6db5f059c69a310d7c97e1b488fe74	Age	Age	0.00191822855160165	0.00281440423585344	184	146	0.496445997970365	0.888029363008642
X7a6db5f059c69a310d7c97e1b488fe74	entacapone	entacapone	-0.00196524043583749	0.00283877924759217	184	146	0.48971496443204	0.888029363008642
X86486b103104c344caa9a990b454797c	Age	Age	-0.00193438272496391	0.00264137188559985	184	111	0.46498143004067	0.888029363008642
Xc6faae06a70c97500e4f329b617e70b7	Sex	Male	0.00753753604687974	0.0106993980040488	184	118	0.482107923597603	0.888029363008642
Xc6faae06a70c97500e4f329b617e70b7	entacapone	entacapone	0.00353841038825025	0.00492572800948948	184	118	0.473537636086531	0.888029363008642
Xe0565865ef72ba498c2938b247ff36dc	Sex	Male	-0.00220082988938718	0.00323525799045881	184	27	0.497273628053168	0.888029363008642
X94a45fbb634a4ae23f34d8160d95c8b7	Age	Age	0.00143594029932816	0.00219849142336461	184	155	0.514553719928689	0.888029363008642
X6be7c1afdd690efab2c28453f0d304da	Tert_combine	Combine High	0.0126045925430439	0.0171242679587515	184	171	0.462716981474848	0.888029363008642
Xa75f6c6ef715f88994d61a440132c65b	entacapone	entacapone	0.00616021215700582	0.00914755046044752	184	161	0.50160073535528	0.888029363008642
Xf857e38c09d5f11ed7357057fffcc3a0	Sex	Male	-0.0037263837802145	0.00530437802592435	184	65	0.483332804145795	0.888029363008642
Xf857e38c09d5f11ed7357057fffcc3a0	entacapone	entacapone	-0.00182787304482919	0.00244199939149183	184	65	0.455196241911033	0.888029363008642
Xede2e1cdf233330f3e67603862d90fd5	Tert_combine	Combine Medium	-0.00121669277236466	0.00174291778553571	184	24	0.486093430024657	0.888029363008642
X5d1a7a11e80c627fbc98743087f309f0	Tert_combine	Combine High	-0.00651203018078301	0.00919408016513863	184	175	0.479749784392184	0.888029363008642
Xf247c06edb93b0f02277e395b87328aa	entacapone	entacapone	-0.00294274019993015	0.00378474531387371	184	149	0.437941667559531	0.888029363008642
Xa9625534f57e5ed4661782588cc20467	entacapone	entacapone	-0.000770914014634124	0.00109672951878286	184	97	0.483078000522354	0.888029363008642
Xac4a57c0c6ca41f976c5c914e25ed371	Tert_combine	Combine Medium	-0.00372125131577074	0.00571576027882841	184	54	0.515903081824222	0.888029363008642
X1703aefcb845a13faff8f80ea8265820	entacapone	entacapone	-0.000746511742908956	0.00106712444136211	184	61	0.48517301632285	0.888029363008642
Xd039ffee9e93545befc0b24c6b1adb8a	Tert_combine	Combine Medium	-0.00257751938393625	0.004237691232756	184	97	0.543851914049189	0.891737459842595
Xd4dcc0bc5f5a6e517ddf472187dbc2e7	entacapone	entacapone	-0.00399248992170261	0.00637455132816582	184	151	0.531957099404218	0.891737459842595
X1a9b1bbd7d800a46e40664e26298b33b	Tert_combine	Combine Medium	0.00132394803107818	0.00220087982697718	184	39	0.548281949126648	0.891737459842595
X9228756628ca33af7e8809e0968c79f8	Tert_combine	Combine High	-0.00114700655262504	0.00190514655418762	184	20	0.54794796439435	0.891737459842595
X40f29bc827ddfc03d7fb5b76fb311557	Age	Age	-0.00188258549736485	0.00308227117082037	184	153	0.542171555670855	0.891737459842595
Xc44642d31840ae8b6896c0bc0f5a8802	Age	Age	-0.00173471212361703	0.00277591087418648	184	167	0.532873795806723	0.891737459842595
Xc2f27e09022e99cda9f6629948f66252	Tert_combine	Combine High	0.00139394066470078	0.00231259209743875	184	28	0.547480382544061	0.891737459842595
Xc2f27e09022e99cda9f6629948f66252	Sex	Male	0.00118632857191457	0.0019534130651487	184	28	0.544464730148871	0.891737459842595
X2a7ee151e83dbc4a4ac13f84a434c8c7	Sex	Male	-0.00109666372841493	0.00177259630328424	184	25	0.536967418166392	0.891737459842595
X85c51ab58e3beec0355a935d17f0758e	Tert_combine	Combine Medium	0.0045547005364734	0.00744418300078258	184	141	0.541466165475613	0.891737459842595
X76214bb13d1e7d69ca2f7827e3ac12e2	Tert_combine	Combine Medium	0.0047908873473432	0.00787458782019123	184	169	0.54374489282241	0.891737459842595
Xa0f9d2150e3f8419a6ade2e296eafb5f	Tert_combine	Combine Medium	-0.00723831092167197	0.0120922034146313	184	113	0.550250401577291	0.891737459842595
X1daf7490935642942f91e007dfefa7e9	Sex	Male	0.0031964694492657	0.00504580439116821	184	122	0.527274819823912	0.891737459842595
Xde021ed367003d69832c2a5461985f38	Tert_combine	Combine High	-0.00325506561487249	0.00528119611285361	184	154	0.538497754036559	0.891737459842595
X96c7cedbae877361d087a8b39206d408	Tert_combine	Combine Medium	0.0151638855623809	0.0251122861917186	184	180	0.546762325417579	0.891737459842595
Xf3270b7f9b020567e59ec30f7d15fc14	Tert_combine	Combine High	-0.00610222891713748	0.0101634019979267	184	44	0.54904075017868	0.891737459842595
Xf857e38c09d5f11ed7357057fffcc3a0	Tert_combine	Combine High	-0.00381985790101168	0.0062797075147271	184	65	0.543819335643784	0.891737459842595
Xf857e38c09d5f11ed7357057fffcc3a0	Tert_combine	Combine Medium	-0.00380637560297661	0.00602338014839602	184	65	0.528289340211606	0.891737459842595
X84b17f815f1e8767da103f96068901ec	Tert_combine	Combine Medium	0.00429972235342567	0.00721535510702704	184	131	0.552035495189225	0.892388206508898
Xecb427bf4473bf2f3205b06132125d07	Age	Age	0.000357136821588431	0.000603572191914661	184	23	0.554843387050883	0.89468496161955
Xcbd66fa79a3e7fa1c33d29ed908de048	Tert_combine	Combine High	0.00284198811313193	0.00497747483466232	184	19	0.568783044426925	0.896807798080564
Xcbd66fa79a3e7fa1c33d29ed908de048	Age	Age	-0.0011096540540991	0.00191897829238145	184	19	0.563867964857506	0.896807798080564
X860a5e9ee39ccb39131b57de03fb5bf8	Tert_combine	Combine Medium	-0.00150226434598432	0.0029215549148068	184	65	0.607787694338182	0.896807798080564
X9f05e4992392a05c38e1c790e07f3e5c	Tert_combine	Combine Medium	0.00246139542788239	0.00474416359855006	184	131	0.604564824048652	0.896807798080564
X855166a7ea9905b7590e5e5fb7da7866	Sex	Male	0.00216678496242533	0.00411364292845787	184	144	0.599074890851686	0.896807798080564
X7888dc681f2841bbc77d1f456dbda3d9	Tert_combine	Combine High	-0.00687478073507868	0.0135081903587742	184	178	0.611466060932407	0.896807798080564
X40f29bc827ddfc03d7fb5b76fb311557	entacapone	entacapone	0.00162709561974094	0.00310896612636855	184	153	0.601416269432704	0.896807798080564
X18f3b811ae49dad2e01b20f5f39d10a7	Sex	Male	-0.00346778908057033	0.0067047605296148	184	135	0.605687791676769	0.896807798080564
X8c3c2cadc6f0966f44b3f2371d81abd3	Age	Age	-0.000894919376444989	0.00159273743983868	184	79	0.574950014677254	0.896807798080564
X19563b70bb3469c665c888e4685e7f99	Tert_combine	Combine Medium	-0.00299528275244929	0.00540900659957703	184	130	0.580480486291049	0.896807798080564
X988ee95161bcfd6129fddab0fda16d68	Tert_combine	Combine High	0.00123510525807792	0.00228360802887807	184	22	0.58932258717511	0.896807798080564
X970d6f0c54e1e999cbdcdefc80299e2b	Tert_combine	Combine Medium	-0.00800754866655269	0.0136859490338538	184	79	0.559270421080589	0.896807798080564
X5fe7ab4157717cdcf56706e5c043b959	Sex	Male	0.00342536215033884	0.00664407639137175	184	145	0.606845607263806	0.896807798080564
X85c51ab58e3beec0355a935d17f0758e	Tert_combine	Combine High	0.00444363527020622	0.00776097320430068	184	141	0.567707013296212	0.896807798080564
X3d514b698192fb4c2a0445c3498b2cfb	entacapone	entacapone	0.00139141611581311	0.00272489117408196	184	153	0.610279212901029	0.896807798080564
X1daf7490935642942f91e007dfefa7e9	Age	Age	-0.00120905945695132	0.00230301278284443	184	122	0.600282028183259	0.896807798080564
X1e10ca4ce57e3019886b4f75360a76fa	Sex	Male	-0.000639088806070616	0.00123737332339363	184	23	0.606192620059365	0.896807798080564
Xe52994cd67774b8f72113d04a0b2c493	Tert_combine	Combine High	0.00133337961241471	0.0025083177607202	184	64	0.595716878961272	0.896807798080564
X00dcba6e262a3194c68f52e6af48a071	Tert_combine	Combine High	0.00500759128127452	0.00922033226901181	184	160	0.587778649029453	0.896807798080564
X7d0ccb9242c92ba67eae0552bf7c6f94	Tert_combine	Combine High	0.0026887898894108	0.00509216488855814	184	102	0.59817879743739	0.896807798080564
X970c4c927d69ee41accb2c1a29f9a023	Tert_combine	Combine High	0.00377380234745253	0.00680042883387168	184	35	0.579676573475363	0.896807798080564
X0b3590ab4de6582222af6f3565ceca0c	Sex	Male	0.00155043643020339	0.00293343063921914	184	30	0.597821890456366	0.896807798080564
X269fea3886e14ab0acb08ade901906fd	Tert_combine	Combine High	0.00127910232968992	0.00221907119519007	184	28	0.565107258313875	0.896807798080564
X278651ccb0f0d07cd2ab0837262dfc39	entacapone	entacapone	-0.00330439777678912	0.00579380733541732	184	121	0.569214045907979	0.896807798080564
Xf9fecdd58f0cedd3463e687ffd85ef48	Sex	Male	-0.00106523199019422	0.00183367783544934	184	35	0.562068517384944	0.896807798080564
Xf9fecdd58f0cedd3463e687ffd85ef48	entacapone	entacapone	-0.000479452822553335	0.00084417817442018	184	35	0.570825724505028	0.896807798080564
Xa965d63a2b3f783b281a48f774847f29	entacapone	entacapone	0.00226567323543715	0.0041968946857508	184	82	0.590018671122372	0.896807798080564
X80a9a51ced500bf3bfbca440e0971948	Tert_combine	Combine Medium	0.00109942113028585	0.00198421699658826	184	54	0.580258741835576	0.896807798080564
Xc71265e180d7e06bd350017b893ea44a	Tert_combine	Combine High	-0.0037791914148433	0.00704549706343891	184	95	0.592392982487586	0.896807798080564
X182071d231a63cae957730240a214721	Sex	Male	-0.00110287612283734	0.00216891802712057	184	65	0.611775862256509	0.896807798080564
X96c7cedbae877361d087a8b39206d408	Tert_combine	Combine High	0.0135647219410322	0.0261809496370749	184	180	0.605060247312357	0.896807798080564
X0b2e7a7da00f71987193e385a9a4a4d1	entacapone	entacapone	-0.00116008601711	0.00197706976087836	184	161	0.558145570057507	0.896807798080564
X9f185911874fb5d5b2623b647359f33b	Tert_combine	Combine Medium	0.00217389104948518	0.00421157236383608	184	54	0.606413769068381	0.896807798080564
Xe0565865ef72ba498c2938b247ff36dc	entacapone	entacapone	-0.00082046256796162	0.001489429675903	184	27	0.582463588983825	0.896807798080564
X94a45fbb634a4ae23f34d8160d95c8b7	Sex	Male	-0.00279691767104051	0.00481680247743034	184	155	0.562248671291236	0.896807798080564
Xf3270b7f9b020567e59ec30f7d15fc14	Tert_combine	Combine Medium	-0.00535548429448565	0.00974854858939082	184	44	0.583486382857968	0.896807798080564
X6be7c1afdd690efab2c28453f0d304da	Age	Age	0.0035583363950587	0.00660196175316205	184	171	0.590613017736775	0.896807798080564
X4a21bd45b5ff48f40bbcadf6930fc3ee	Tert_combine	Combine Medium	-0.00710737147695863	0.0135331266858045	184	172	0.600148220553537	0.896807798080564
X5d1a7a11e80c627fbc98743087f309f0	Tert_combine	Combine Medium	-0.00458678067045018	0.00881879288479318	184	175	0.603668579482918	0.896807798080564
X1703aefcb845a13faff8f80ea8265820	Tert_combine	Combine High	0.00146164523040566	0.00274415685643428	184	61	0.594987231790541	0.896807798080564
X630532cabb74720c1204579e6fe741b4	Sex	Male	0.00099050065074411	0.00199766057767634	184	26	0.620662154821676	0.898465220022699
X1a9b1bbd7d800a46e40664e26298b33b	Age	Age	0.000435168475658501	0.000884619405089343	184	39	0.623412866701474	0.898465220022699
X7888dc681f2841bbc77d1f456dbda3d9	entacapone	entacapone	-0.00262622492296539	0.00525295048518128	184	178	0.617762837707851	0.898465220022699
X6f0b4058c92e83c77533a218739a0e38	Age	Age	-0.00197303382957639	0.00402751251313043	184	183	0.624851600278369	0.898465220022699
X9d7e2f75c0754a3aaf6bf21a479a0046	Tert_combine	Combine Medium	0.00531852139690694	0.010702767153628	184	153	0.619888386284849	0.898465220022699
X0bc4e35da130d9cb9fc1090c80011153	Age	Age	0.0030446729835993	0.0063040340610901	184	179	0.629744281699308	0.898465220022699
X61d6589645d112c45ea0478e6445fa34	entacapone	entacapone	0.00029751234687213	0.000611177649296366	184	26	0.627044899556759	0.898465220022699
X182071d231a63cae957730240a214721	Tert_combine	Combine High	-0.00123553518948241	0.00256772250529083	184	65	0.631015108015942	0.898465220022699
Xde021ed367003d69832c2a5461985f38	Tert_combine	Combine Medium	0.00243865839819206	0.00506562634507206	184	154	0.630849455449547	0.898465220022699
Xc6b61011752152bbbc32003f5d0c5398	Age	Age	0.0014982300005852	0.00308698476003646	184	99	0.628069145498682	0.898465220022699
Xdc04cb67b3295173275e20a8a7a3d16a	entacapone	entacapone	0.000354338823422446	0.00072229866580603	184	23	0.624369987956955	0.898465220022699
X2132a94c12039eca49c517950714e48a	entacapone	entacapone	0.000671682626330863	0.00136029169694703	184	24	0.62210763983582	0.898465220022699
X5d1a7a11e80c627fbc98743087f309f0	entacapone	entacapone	-0.00173049695814063	0.00357531590698159	184	175	0.629007455933029	0.898465220022699
Xd039ffee9e93545befc0b24c6b1adb8a	Tert_combine	Combine High	-0.00211659452022643	0.00441802788862952	184	97	0.632503786488519	0.898601194460561
Xac4a57c0c6ca41f976c5c914e25ed371	Tert_combine	Combine High	-0.00281885324646068	0.00595899675780808	184	54	0.636797539011387	0.902712994862296
X327e928d80b137060bd55c0515d64b2a	Sex	Male	-0.000894540072273592	0.0019071642832296	184	24	0.639647749532336	0.904764908877976
X630532cabb74720c1204579e6fe741b4	Tert_combine	Combine Medium	0.00105659310520858	0.00226844108922877	184	26	0.641976705932441	0.906072156075327
X1f9695def389854178788b2e4a8792ee	entacapone	entacapone	0.0002509712966616	0.000552385700597493	184	28	0.65017010295002	0.906865031747471
Xd926c5000a193dc8473f190e75b9fcd0	entacapone	entacapone	-0.000586385522767653	0.00130507712004755	184	38	0.653786418236549	0.906865031747471
X5b73138c8555560a7cd45cb7bd7ca6da	Sex	Male	-0.00150036868567005	0.00333030862524296	184	26	0.652916830107728	0.906865031747471
X970c4c927d69ee41accb2c1a29f9a023	Sex	Male	0.0026085305319975	0.00574422378568676	184	35	0.650333148132209	0.906865031747471
X570cad8230542ad8f2c032a719120bee	Tert_combine	Combine Medium	-0.00206185064919656	0.00453204717620168	184	70	0.64973323568935	0.906865031747471
X9f79ff73dcbc3e304545d60cdbbca33b	Age	Age	0.000516617644669827	0.00112378530670762	184	57	0.646317270243804	0.906865031747471
Xa75f6c6ef715f88994d61a440132c65b	Tert_combine	Combine Medium	0.0103208378390928	0.0225631398770539	184	161	0.647959970185506	0.906865031747471
Xac4a57c0c6ca41f976c5c914e25ed371	Age	Age	-0.00103957666042808	0.00229738688842229	184	54	0.651489744398005	0.906865031747471
X2487d88c9966a6b0e2b87711d51811a8	Tert_combine	Combine Medium	-0.00100070993420957	0.00234019229698516	184	24	0.669476379858305	0.907168623967661
X2487d88c9966a6b0e2b87711d51811a8	Sex	Male	-0.00089701003355323	0.00206084694818258	184	24	0.663930339283902	0.907168623967661
X7888dc681f2841bbc77d1f456dbda3d9	Sex	Male	-0.0049201226603002	0.0114101728370384	184	178	0.666872168395569	0.907168623967661
Xa0ac269acfcd16c66700762ee6340b07	Sex	Male	-0.00223256039197255	0.0051400544741182	184	97	0.664594780684834	0.907168623967661
X8c3c2cadc6f0966f44b3f2371d81abd3	Tert_combine	Combine Medium	0.00172579946405536	0.00396263486969087	184	79	0.663745390363885	0.907168623967661
X3d846e34d0ebbaa6096f5b1e5e8afa03	entacapone	entacapone	-0.00281742226894595	0.00646410195314733	184	170	0.663500212551984	0.907168623967661
X3d514b698192fb4c2a0445c3498b2cfb	Sex	Male	0.00256339363515866	0.00591886014271512	184	153	0.665505578702366	0.907168623967661
X970c4c927d69ee41accb2c1a29f9a023	Age	Age	-0.00115652926946673	0.00262178629617722	184	35	0.659691388600614	0.907168623967661
X959a41695798ad7798d39740d7e9ae19	Age	Age	-0.00144161270211726	0.00335939347711293	184	61	0.668379241600302	0.907168623967661
X2132a94c12039eca49c517950714e48a	Sex	Male	0.00126398674996339	0.00295475150865014	184	24	0.669358371402482	0.907168623967661
Xa9625534f57e5ed4661782588cc20467	Tert_combine	Combine Medium	-0.00117296955839311	0.00270516808260175	184	97	0.665132864754246	0.907168623967661
X1f9695def389854178788b2e4a8792ee	Tert_combine	Combine Medium	0.000536052522479102	0.00136250200341129	184	28	0.694498936650557	0.907989335735389
Xd4dcc0bc5f5a6e517ddf472187dbc2e7	Sex	Male	0.00534195357519088	0.0138464530777762	184	151	0.700133320098234	0.907989335735389
Xa81bf36dba92ea8defbda21f3633f8fe	entacapone	entacapone	-0.00024735326946973	0.000610605673703929	184	20	0.685923086831822	0.907989335735389
X4c089330a0f8ccdd7dd92492808e9247	Sex	Male	0.00146690058166006	0.00379607514267635	184	126	0.699670475365108	0.907989335735389
X5b73138c8555560a7cd45cb7bd7ca6da	Tert_combine	Combine Medium	-0.00144332595272259	0.00378172799210042	184	26	0.703197498883243	0.907989335735389
X74fafaec802530941890c1f49dfbf3e4	entacapone	entacapone	-0.00164158731321107	0.00407327114036156	184	47	0.687449966886416	0.907989335735389
X9228756628ca33af7e8809e0968c79f8	Sex	Male	0.000599075916982871	0.00160924971338215	184	20	0.710160767250499	0.907989335735389
Xc43bbd203d077ba15c26090580d64d32	Sex	Male	-0.00188934548427505	0.00488648752760455	184	113	0.699506883422706	0.907989335735389
X68ee03666c1dd76a9a1ca298d04bc99e	Sex	Male	-0.00424215234137533	0.0106801339846366	184	19	0.69172393212375	0.907989335735389
X8ac938c2111c4dea67b9a99a3f7900bc	Tert_combine	Combine High	-0.00101741875612294	0.00245466189292037	184	29	0.679048231977406	0.907989335735389
X9d7e2f75c0754a3aaf6bf21a479a0046	Tert_combine	Combine High	-0.0044547122717507	0.0111582277171913	184	153	0.690229920774697	0.907989335735389
X1131f697b19dc061094f3b846b9f66a0	Sex	Male	-0.000797454017100506	0.00214318402117496	184	66	0.710295921603815	0.907989335735389
X0bc4e35da130d9cb9fc1090c80011153	Sex	Male	-0.00576899302929102	0.01381187416087	184	179	0.676711811713669	0.907989335735389
X0bc4e35da130d9cb9fc1090c80011153	entacapone	entacapone	0.00241220008480961	0.00635863208303836	184	179	0.704900854151334	0.907989335735389
X970d6f0c54e1e999cbdcdefc80299e2b	Sex	Male	0.00464219683494479	0.0120522772148834	184	79	0.700597378452448	0.907989335735389
X76214bb13d1e7d69ca2f7827e3ac12e2	Age	Age	-0.00129738134124359	0.00316510384048951	184	169	0.682400288813617	0.907989335735389
X00dcba6e262a3194c68f52e6af48a071	Age	Age	0.00131645013406633	0.0035547377054651	184	160	0.711598056421587	0.907989335735389
Xec65ab01e974afdd946f7c025b3ceba5	Sex	Male	0.00220820100815082	0.00567306549127426	184	53	0.697589337341729	0.907989335735389
X7d0ccb9242c92ba67eae0552bf7c6f94	Sex	Male	-0.0017971035142879	0.00430127796173722	184	102	0.676621830505674	0.907989335735389
X84b17f815f1e8767da103f96068901ec	Tert_combine	Combine High	0.00305677097015576	0.00752240744743433	184	131	0.684998631727819	0.907989335735389
Xc5a684b3dfddaa1e68d4563ea771ed15	Tert_combine	Combine Medium	0.0050370529339497	0.0128052979025548	184	162	0.694554595823921	0.907989335735389
X059d6e79cba765d062053442b8ada21c	Tert_combine	Combine High	0.00639589681519114	0.0172430687822819	184	124	0.711160202981755	0.907989335735389
Xc6b61011752152bbbc32003f5d0c5398	Tert_combine	Combine High	0.00313589293154696	0.00800706762503247	184	99	0.695820084370576	0.907989335735389
X6ca83bb8d84d22ff21607c96e42f4295	Sex	Male	0.000781147581270057	0.00212567430254628	184	28	0.713721849950143	0.907989335735389
X6ca83bb8d84d22ff21607c96e42f4295	entacapone	entacapone	-0.000390578458113787	0.000978605847463757	184	28	0.690313703916421	0.907989335735389
X57188cc28844564b611d3dd0d6e30de7	entacapone	entacapone	-0.00102558938345347	0.00264792550313277	184	67	0.699010982411822	0.907989335735389
Xc6faae06a70c97500e4f329b617e70b7	Tert_combine	Combine Medium	0.00447694796537003	0.0121496886576339	184	118	0.712977383465482	0.907989335735389
Xa75f6c6ef715f88994d61a440132c65b	Tert_combine	Combine High	0.00869632905282842	0.0235233233750828	184	161	0.712079336879423	0.907989335735389
X327e928d80b137060bd55c0515d64b2a	Tert_combine	Combine High	0.000892722927133117	0.00225783943427166	184	24	0.693058066192603	0.907989335735389
Xede2e1cdf233330f3e67603862d90fd5	Sex	Male	-0.000621511005083765	0.00153486822594955	184	24	0.686045616018338	0.907989335735389
Xf247c06edb93b0f02277e395b87328aa	Tert_combine	Combine Medium	0.00345201957486527	0.00933536669572838	184	149	0.712013113892768	0.907989335735389
X9228756628ca33af7e8809e0968c79f8	entacapone	entacapone	-0.00026853414135472	0.000740857231824611	184	20	0.717460823752812	0.909303584651442
X9d7e2f75c0754a3aaf6bf21a479a0046	Age	Age	0.00155048529568251	0.00430185937287452	184	153	0.718984229724396	0.909303584651442
Xde021ed367003d69832c2a5461985f38	entacapone	entacapone	0.000742047562099158	0.00205370674727961	184	154	0.718313417407401	0.909303584651442
X3d846e34d0ebbaa6096f5b1e5e8afa03	Tert_combine	Combine Medium	0.00569418117393591	0.0159442068320949	184	170	0.721441443154096	0.910625696349103
X7ba07d9f4e22c332b04d5646fe2ea051	Sex	Male	0.00106772477515704	0.00301663095339869	184	27	0.723823091769608	0.911847449592573
X194d511e554b455dac7747ef6442339f	Sex	Male	-0.000760916695158537	0.00217104075790116	184	72	0.726413987696107	0.912966107020268
Xdd887bed9045e6e59c223bf9074e8f71	Tert_combine	Combine Medium	0.000743387601134411	0.00214176630234517	184	32	0.7289574342875	0.912966107020268
X4a21bd45b5ff48f40bbcadf6930fc3ee	Sex	Male	-0.00414380843829783	0.011917697048118	184	172	0.728499154619607	0.912966107020268
Xcbd66fa79a3e7fa1c33d29ed908de048	Tert_combine	Combine Medium	0.00161984880031582	0.00477430247156164	184	19	0.734818848973757	0.91403553967608
Xa0ac269acfcd16c66700762ee6340b07	Tert_combine	Combine High	0.00208989492215347	0.0060851693731994	184	97	0.731696347106431	0.91403553967608
X9c804f3d76b861e98e017e380f2f04df	Age	Age	-0.000781378502544531	0.00232192054092194	184	137	0.736896869196219	0.91403553967608
X85c51ab58e3beec0355a935d17f0758e	Sex	Male	-0.00221493680698448	0.00655558170951998	184	141	0.735882693732945	0.91403553967608
Xc6faae06a70c97500e4f329b617e70b7	Tert_combine	Combine High	0.00428936287859	0.0126667235481153	184	118	0.735309531613111	0.91403553967608
X0029d1a452fe37b0ff76a9c1da5ccf21	Tert_combine	Combine High	0.00186777525267235	0.0056393511302026	184	84	0.740903210508784	0.917241018768072
X327e928d80b137060bd55c0515d64b2a	Tert_combine	Combine Medium	-0.000708086904840001	0.00216567812987523	184	24	0.744106272920615	0.919441659068576
X4661cd41d2df6a4bf70276894e6cc779	Sex	Male	0.000648162127194371	0.00200208310362007	184	37	0.746534624869796	0.920678457057396
X79a123f051e7c2965a46226b1d95246e	Age	Age	-0.000851133030950163	0.00275644489526196	184	159	0.757872016587408	0.924059453116972
X1131f697b19dc061094f3b846b9f66a0	Tert_combine	Combine Medium	-0.000759915849924948	0.00243369006213603	184	66	0.755238960221731	0.924059453116972
X5c7f516ff4d244a8f63e883a44267f20	Sex	Male	-0.000617890871025355	0.00195717784981053	184	43	0.752618266616904	0.924059453116972
X264be41ad2f4137d7cd5fefe393e1b92	Age	Age	0.000509425518318684	0.00164954866424222	184	50	0.757835604823934	0.924059453116972
X327e928d80b137060bd55c0515d64b2a	Age	Age	0.00027629759636329	0.000870470470664683	184	24	0.751325299329521	0.924059453116972
X64d94620fe0f5db1cd211f24f6a6d659	Sex	Male	0.000824631017107968	0.00265416259000542	184	55	0.756418786607034	0.924059453116972
X94adac1e5690b5aef26d6014e471f458	entacapone	entacapone	0.00061371677472509	0.00204603732474103	184	86	0.764583170099041	0.930483291912984
Xdc04cb67b3295173275e20a8a7a3d16a	Tert_combine	Combine Medium	0.000529226403756517	0.00178160545821067	184	23	0.766795078876094	0.931417751177176
X19563b70bb3469c665c888e4685e7f99	Age	Age	-0.000637611107011576	0.002174090625754	184	130	0.769672274724115	0.933155295483185
X7bf7ea59cac793e65c0bc293eabf44dc	Sex	Male	0.00230931333028203	0.00793703075414585	184	23	0.771445148184562	0.933549944801206
X8ac938c2111c4dea67b9a99a3f7900bc	entacapone	entacapone	0.000270188394031413	0.000954548095555722	184	29	0.777484125705254	0.939095994531628
Xfc4575c432e5f43c1eaf202f1c5816c4	Tert_combine	Combine High	-0.00111571928671142	0.00420914967869942	184	69	0.791280494381887	0.940199348635585
X6f0b4058c92e83c77533a218739a0e38	Sex	Male	0.00224532775943308	0.00882411095397345	184	183	0.79945625170589	0.940199348635585
Xc00514d54b15725f03c323c54796a7c0	Tert_combine	Combine Medium	0.00200818347116358	0.00804462275588361	184	106	0.803178048214275	0.940199348635585
X2a7ee151e83dbc4a4ac13f84a434c8c7	Tert_combine	Combine Medium	0.000534157132453074	0.00201286962055497	184	25	0.791049054213223	0.940199348635585
X970d6f0c54e1e999cbdcdefc80299e2b	Tert_combine	Combine High	0.00377142815704457	0.014268360102915	184	79	0.791856508417485	0.940199348635585
Xf3e1ff3be3a6f13f24666ea97d99cd0b	entacapone	entacapone	-0.000733368373072362	0.00285701132335787	184	160	0.797731596978561	0.940199348635585
X7d0ccb9242c92ba67eae0552bf7c6f94	Age	Age	-0.000493964880942825	0.00196319503502482	184	102	0.80164793139035	0.940199348635585
Xe8d0f444dc3a43708bc843fd8472b381	Tert_combine	Combine High	-0.00532761451874017	0.0202979987119739	184	144	0.793280731471735	0.940199348635585
Xe8d0f444dc3a43708bc843fd8472b381	Age	Age	0.00206218158786235	0.00782553808927633	184	144	0.792473162699632	0.940199348635585
Xa965d63a2b3f783b281a48f774847f29	Tert_combine	Combine High	0.00294805250496196	0.0107924969958846	184	82	0.785067574637124	0.940199348635585
X57188cc28844564b611d3dd0d6e30de7	Tert_combine	Combine High	-0.00183886144046495	0.00680925545616216	184	67	0.787450746129246	0.940199348635585
X76aa915543cd876d620ebeafeb9fd767	Tert_combine	Combine Medium	0.00292321796338262	0.0114651710878359	184	173	0.799061940764287	0.940199348635585
X570cad8230542ad8f2c032a719120bee	Age	Age	-0.0004956564863561	0.00182160644470751	184	70	0.78588035300693	0.940199348635585
X64d94620fe0f5db1cd211f24f6a6d659	Tert_combine	Combine High	0.000784427402303795	0.00314219022104107	184	55	0.803168027326375	0.940199348635585
Xa9625534f57e5ed4661782588cc20467	Age	Age	0.000293817775181524	0.0010873125150066	184	97	0.787319711684019	0.940199348635585
Xac4a57c0c6ca41f976c5c914e25ed371	entacapone	entacapone	-0.000630015674429582	0.00231728411273013	184	54	0.786050613376189	0.940199348635585
X1703aefcb845a13faff8f80ea8265820	Sex	Male	-0.000597883208566979	0.00231794956927897	184	61	0.796771806345308	0.940199348635585
Xce7e172e3d64bc42dddb2f4aa26e3a03	Tert_combine	Combine Medium	0.00217525017451607	0.00894584705514315	184	81	0.8081799951753	0.943611606820967
X47837e1a0b06f78d52ce1faf831fec84	Sex	Male	0.00132538278761771	0.00547513966548249	184	163	0.809018943522472	0.943611606820967
X059d6e79cba765d062053442b8ada21c	Tert_combine	Combine Medium	-0.00392960725037561	0.0165392349814142	184	124	0.812486248203957	0.945945180670672
X79a123f051e7c2965a46226b1d95246e	Sex	Male	0.00139958497322162	0.00603925512708086	184	159	0.817015825884154	0.947797136142588
X9f185911874fb5d5b2623b647359f33b	entacapone	entacapone	-0.000398645690166424	0.00170745609546995	184	54	0.815678011368838	0.947797136142588
X94a45fbb634a4ae23f34d8160d95c8b7	Tert_combine	Combine High	0.00131008601699111	0.00570248020911073	184	155	0.818573530447178	0.94789933058964
X4c089330a0f8ccdd7dd92492808e9247	Tert_combine	Combine High	0.00100436352483059	0.00449406914126927	184	126	0.82342845607857	0.950109757013734
X6e373fe39ea68760cf9b2bf171476a55	entacapone	entacapone	-0.00111470274959905	0.00498741809561372	184	120	0.823415616464898	0.950109757013734
X9f05e4992392a05c38e1c790e07f3e5c	Sex	Male	-0.000907016137617665	0.00417785969398599	184	131	0.828393320139463	0.950753988731136
X18f3b811ae49dad2e01b20f5f39d10a7	Age	Age	-0.000666591879210056	0.00306019576039069	184	135	0.827828605529343	0.950753988731136
X86b5603a79c587d59312beef52df3409	Tert_combine	Combine High	0.00145904680780773	0.00672122022802017	184	172	0.828408901809145	0.950753988731136
Xc44642d31840ae8b6896c0bc0f5a8802	Tert_combine	Combine Medium	-0.00145964504773507	0.00690629914891655	184	167	0.832870476330888	0.953844730667796
Xa0ac269acfcd16c66700762ee6340b07	Age	Age	-0.00048285331943471	0.00234603053164934	184	97	0.837182936941225	0.953844730667796
X9d2a55480c1cd54eacfb0243d4562261	Sex	Male	0.000564799979165466	0.00279274075245784	184	27	0.839974894603579	0.953844730667796
Xa0f9d2150e3f8419a6ade2e296eafb5f	entacapone	entacapone	0.00102257476541918	0.00490242233643323	184	113	0.83502442110935	0.953844730667796
X77be5efca77e4204775e4e828a1580db	Tert_combine	Combine High	0.000775415374727155	0.00376424168801119	184	64	0.837044149351929	0.953844730667796
X0b3590ab4de6582222af6f3565ceca0c	Tert_combine	Combine High	-0.000706897310653412	0.00347280799728166	184	30	0.83894988517731	0.953844730667796
Xc44642d31840ae8b6896c0bc0f5a8802	Sex	Male	0.00112652173708464	0.00608190427026729	184	167	0.853275857657675	0.955491194772918
X1941bdf9450a85f4069a80e526137af7	Tert_combine	Combine Medium	-0.00248120171464722	0.0127001962366931	184	179	0.845341580868378	0.955491194772918
X1131f697b19dc061094f3b846b9f66a0	Tert_combine	Combine High	-0.000479413158752412	0.00253725672217152	184	66	0.85036053613782	0.955491194772918
X194d511e554b455dac7747ef6442339f	Tert_combine	Combine High	0.000507825084854325	0.00257023554798302	184	72	0.843613163014532	0.955491194772918
X3d514b698192fb4c2a0445c3498b2cfb	Tert_combine	Combine High	-0.00133923498930535	0.00700717602236688	184	153	0.848659731103796	0.955491194772918
Xa965d63a2b3f783b281a48f774847f29	Sex	Male	-0.00171519179631346	0.0091162659686886	184	82	0.85098902649336	0.955491194772918
X059d6e79cba765d062053442b8ada21c	Sex	Male	-0.00272361376953568	0.0145649705712788	184	124	0.85188819131145	0.955491194772918
X9f79ff73dcbc3e304545d60cdbbca33b	entacapone	entacapone	0.000220185612031183	0.00113351819429138	184	57	0.846215026226077	0.955491194772918
Xa3d1f4355f204d4d49ad2bea3b801265	Tert_combine	Combine High	0.000713255599698291	0.00389793629535876	184	25	0.855032091592499	0.9557984386086
Xfc2bf17d11280ea7e498670124f07400	Tert_combine	Combine High	-0.000338195885192652	0.00220538736629197	184	51	0.878306407941905	0.957395789895601
Xfc2bf17d11280ea7e498670124f07400	Age	Age	-0.000125936569821095	0.000850248494022509	184	51	0.882427768495524	0.957395789895601
X4c089330a0f8ccdd7dd92492808e9247	entacapone	entacapone	0.000257652578124778	0.00174761548727619	184	126	0.882968678841475	0.957395789895601
Xa49ea569715664c78018691088f7aaac	Sex	Male	0.00142555340218347	0.00863562890537235	184	120	0.869080959475746	0.957395789895601
Xa3d1f4355f204d4d49ad2bea3b801265	entacapone	entacapone	-0.00025937137245755	0.00151579640278097	184	25	0.864341401666499	0.957395789895601
X19563b70bb3469c665c888e4685e7f99	Tert_combine	Combine High	0.00101010163551206	0.0056391890522828	184	130	0.858057914206599	0.957395789895601
X19563b70bb3469c665c888e4685e7f99	Sex	Male	-0.000715968116422404	0.0047633413535283	184	130	0.880701963572507	0.957395789895601
X1daf7490935642942f91e007dfefa7e9	Tert_combine	Combine High	-0.000888410125521814	0.00597358928760367	184	122	0.881950578765116	0.957395789895601
X77be5efca77e4204775e4e828a1580db	Sex	Male	0.000513145831867244	0.00317960045867242	184	64	0.871982609130318	0.957395789895601
X00dcba6e262a3194c68f52e6af48a071	Sex	Male	0.00121119918801234	0.00778828118423806	184	160	0.876601558196085	0.957395789895601
Xe8d0f444dc3a43708bc843fd8472b381	Sex	Male	0.00265732569200555	0.0171454256564549	184	144	0.877017265954245	0.957395789895601
X1300fb2208dcbb54d400995de3bc2eaa	Sex	Male	-0.00136724582658772	0.00849876088104895	184	172	0.872384431166277	0.957395789895601
X182071d231a63cae957730240a214721	Tert_combine	Combine Medium	0.000427698886981961	0.00246291228193144	184	65	0.8623450784343	0.957395789895601
Xc6b61011752152bbbc32003f5d0c5398	Sex	Male	0.00099533672104532	0.00676345410398596	184	99	0.883179061996717	0.957395789895601
X7a6db5f059c69a310d7c97e1b488fe74	Sex	Male	0.000941285161935581	0.00616624161080524	184	146	0.878856403666363	0.957395789895601
Xf3270b7f9b020567e59ec30f7d15fc14	Age	Age	-0.000592755182918156	0.00391832173112144	184	44	0.879938060622121	0.957395789895601
X2132a94c12039eca49c517950714e48a	Tert_combine	Combine Medium	-0.000536895164048195	0.00335526455574308	184	24	0.873060900219146	0.957395789895601
X64d94620fe0f5db1cd211f24f6a6d659	Tert_combine	Combine Medium	0.000520752198123497	0.00301393116725841	184	55	0.863030993144159	0.957395789895601
X327e928d80b137060bd55c0515d64b2a	entacapone	entacapone	0.000124901435684654	0.000878009447358354	184	24	0.887048865481953	0.959977379590369
X84311c29ab5cf09c0720c450dc7c1a43	entacapone	entacapone	-0.000965020316510026	0.00740485478468325	184	56	0.896467073645531	0.963567737816864
X860a5e9ee39ccb39131b57de03fb5bf8	Age	Age	-0.000152750333275409	0.00117428681884094	184	65	0.896659355927518	0.963567737816864
X6f0b4058c92e83c77533a218739a0e38	Tert_combine	Combine Medium	-0.00128849740253235	0.0100202086818926	184	183	0.89783598515959	0.963567737816864
Xc00514d54b15725f03c323c54796a7c0	Tert_combine	Combine High	-0.00112941676723943	0.00838696491482768	184	106	0.89303925123982	0.963567737816864
X64d94620fe0f5db1cd211f24f6a6d659	Age	Age	-0.000159940971089443	0.00121141643604515	184	55	0.895120080579896	0.963567737816864
X1a9b1bbd7d800a46e40664e26298b33b	Sex	Male	-0.000245245672861948	0.00193816400497762	184	39	0.899459720991751	0.963706843919733
X3d514b698192fb4c2a0445c3498b2cfb	Tert_combine	Combine Medium	0.000824849627124731	0.00672115458410414	184	153	0.902472033764813	0.965330782385248
Xa81bf36dba92ea8defbda21f3633f8fe	Sex	Male	-0.000157027423175326	0.00132632437558521	184	20	0.90589776989879	0.967390830438277
Xecb427bf4473bf2f3205b06132125d07	Sex	Male	-0.000150931681189187	0.00132240135141088	184	23	0.909267421511072	0.967786552891845
X64d94620fe0f5db1cd211f24f6a6d659	entacapone	entacapone	-0.000139459163405995	0.00122190827992206	184	55	0.90926922643792	0.967786552891845
X1a9b1bbd7d800a46e40664e26298b33b	entacapone	entacapone	8.93720881394944e-05	0.000892280922972478	184	39	0.920335632787348	0.976342899914209
X1e10ca4ce57e3019886b4f75360a76fa	Tert_combine	Combine High	-0.000149273807459493	0.00146489230583896	184	23	0.918956876862274	0.976342899914209
X855166a7ea9905b7590e5e5fb7da7866	entacapone	entacapone	-0.000160226163336768	0.00189381553860091	184	144	0.932676201519591	0.985211710740679
X7ba07d9f4e22c332b04d5646fe2ea051	entacapone	entacapone	0.000116444699024666	0.00138877940383431	184	27	0.933278070174504	0.985211710740679
X57188cc28844564b611d3dd0d6e30de7	Sex	Male	-0.000499915852280541	0.00575167950575189	184	67	0.930841391955735	0.985211710740679
Xfc4575c432e5f43c1eaf202f1c5816c4	Age	Age	0.000109873014470838	0.00162276397794314	184	69	0.946099128916082	0.989033935414705
X47837e1a0b06f78d52ce1faf831fec84	entacapone	entacapone	0.000176409354307075	0.0025206136640518	184	163	0.944287507444183	0.989033935414705
Xa0f9d2150e3f8419a6ade2e296eafb5f	Sex	Male	-0.000723654543585383	0.010648774690845	184	113	0.94590099260768	0.989033935414705
Xe8d0f444dc3a43708bc843fd8472b381	Tert_combine	Combine Medium	-0.00143963869809971	0.0194694676793692	184	144	0.941143387514972	0.989033935414705
X278651ccb0f0d07cd2ab0837262dfc39	Tert_combine	Combine High	0.00111612520396365	0.0148990272437678	184	121	0.940373360744835	0.989033935414705
Xa965d63a2b3f783b281a48f774847f29	Tert_combine	Combine Medium	0.000708568141154991	0.0103519649608171	184	82	0.945510653980485	0.989033935414705
Xa81bf36dba92ea8defbda21f3633f8fe	Tert_combine	Combine Medium	-6.01261277026755e-05	0.00150610606468635	184	20	0.968203051809025	0.99441237009048
X4c089330a0f8ccdd7dd92492808e9247	Tert_combine	Combine Medium	0.000210171645759622	0.00431062860611858	184	126	0.961171175028557	0.99441237009048
X18f3b811ae49dad2e01b20f5f39d10a7	entacapone	entacapone	-0.000146053570228009	0.00308669952507101	184	135	0.96231672675909	0.99441237009048
Xf3e1ff3be3a6f13f24666ea97d99cd0b	Sex	Male	-0.000304020921164399	0.00620584433240931	184	160	0.960985893401169	0.99441237009048
X7bf7ea59cac793e65c0bc293eabf44dc	Tert_combine	Combine High	0.000550632936604358	0.00939643280094922	184	23	0.953340187791284	0.99441237009048
X76214bb13d1e7d69ca2f7827e3ac12e2	Tert_combine	Combine High	-0.000456395777759061	0.00820969407401616	184	169	0.955732656959474	0.99441237009048
X1e10ca4ce57e3019886b4f75360a76fa	entacapone	entacapone	2.27633898903991e-05	0.000569654894128498	184	23	0.968172491521306	0.99441237009048
Xe52994cd67774b8f72113d04a0b2c493	Sex	Male	8.4799172507962e-05	0.0021187396993884	184	64	0.968121991712668	0.99441237009048
X269fea3886e14ab0acb08ade901906fd	Tert_combine	Combine Medium	0.000113756300618692	0.00212849234675958	184	28	0.95744121469331	0.99441237009048
X6e373fe39ea68760cf9b2bf171476a55	Tert_combine	Combine High	0.000531519552370727	0.0128253622843772	184	120	0.966992065077621	0.99441237009048
X76d6be90e19a660c9a84b35fa31d801c	Tert_combine	Combine Medium	-0.00153440912419132	0.0346871884164927	184	184	0.964769126935799	0.99441237009048
X5c7f516ff4d244a8f63e883a44267f20	entacapone	entacapone	3.31616795320529e-05	0.000901034408731782	184	43	0.97068497177097	0.995376481386766
X57188cc28844564b611d3dd0d6e30de7	Tert_combine	Combine Medium	0.000207552234684801	0.00653131281095769	184	67	0.974686791388966	0.99789361975537
Xfc4575c432e5f43c1eaf202f1c5816c4	Sex	Male	-1.22763450245587e-05	0.00355540779744261	184	69	0.997249114014378	0.998230169793896
X860a5e9ee39ccb39131b57de03fb5bf8	Tert_combine	Combine High	3.61519141152474e-05	0.00304588285998945	184	65	0.990544126887942	0.998230169793896
X5b73138c8555560a7cd45cb7bd7ca6da	Tert_combine	Combine High	-1.84577546276638e-05	0.00394266094876492	184	26	0.99627023357706	0.998230169793896
X9d7e2f75c0754a3aaf6bf21a479a0046	entacapone	entacapone	9.57262180185497e-05	0.00433911694638736	184	153	0.982425300715327	0.998230169793896
Xce7e172e3d64bc42dddb2f4aa26e3a03	Tert_combine	Combine High	0.000131600462726057	0.00932654117684094	184	81	0.988758711312132	0.998230169793896
X2a7ee151e83dbc4a4ac13f84a434c8c7	entacapone	entacapone	2.82754855593213e-06	0.000816057805990639	184	25	0.997239536126972	0.998230169793896
Xf3e1ff3be3a6f13f24666ea97d99cd0b	Tert_combine	Combine Medium	-3.8831133222888e-05	0.00704703913883593	184	160	0.995609995511624	0.998230169793896
X85c51ab58e3beec0355a935d17f0758e	entacapone	entacapone	4.42923884360411e-05	0.00301802142820186	184	141	0.988308105386444	0.998230169793896
X278651ccb0f0d07cd2ab0837262dfc39	Tert_combine	Combine Medium	6.8012757265359e-05	0.0142908733758793	184	121	0.996208389170189	0.998230169793896
X7ba07d9f4e22c332b04d5646fe2ea051	Tert_combine	Combine High	-1.67987170709772e-05	0.00357130656499826	184	27	0.996252504101329	0.998230169793896
Xc71265e180d7e06bd350017b893ea44a	Sex	Male	1.32204079823996e-05	0.00595122937133227	184	95	0.998230169793896	0.998230169793896
X61d6589645d112c45ea0478e6445fa34	Tert_combine	Combine High	-2.47569448227562e-05	0.0015716698744855	184	26	0.987450932734861	0.998230169793896
X96c7cedbae877361d087a8b39206d408	Age	Age	4.26452172670306e-05	0.010093606838072	184	180	0.996633981945373	0.998230169793896
X0b2e7a7da00f71987193e385a9a4a4d1	Tert_combine	Combine Medium	0.000100576370576504	0.00487659529775466	184	161	0.983569829636596	0.998230169793896
X2132a94c12039eca49c517950714e48a	Tert_combine	Combine High	2.32678713137607e-05	0.00349804918924271	184	24	0.994700665748554	0.998230169793896
